title,price,stock,cat,upc,type,num_rev,stars
Set Me Free,17.46,19,Young Adult,ce6396b0f23f6ecc,Books,0,Five
Shakespeare's Sonnets,20.66,19,Poetry,30a7f60cd76ca58c,Books,0,Four
Rip it Up and Start Again,35.02,19,Music,a34ba96d4081e6a4,Books,0,Five
"Starving Hearts (Triangular Trade Trilogy, #1)",13.99,19,Default,0312262ecafa5a40,Books,0,Two
Scott Pilgrim's Precious Little Life (Scott Pilgrim #1),52.29,19,Sequential Art,3b1c02bac2a429e6,Books,0,Five
Libertarianism for Beginners,51.33,19,Politics,a18a4f574854aced,Books,0,Two
Mesaerion: The Best Science Fiction Stories 1800-1849,37.59,19,Science Fiction,e30f54cea9b38190,Books,0,One
It's Only the Himalayas,45.17,19,Travel,a22124811bfa8350,Books,0,Two
"Our Band Could Be Your Life: Scenes from the American Indie Underground, 1981-1991",57.25,19,Music,deda3e61b9514b83,Books,0,Three
Olio,23.88,19,Poetry,feb7cc7701ecf901,Books,0,One
The Boys in the Boat: Nine Americans and Their Epic Quest for Gold at the 1936 Berlin Olympics,22.60,19,Default,e10e1e165dc8be4a,Books,0,Four
The Black Maria,52.15,19,Poetry,1dfe412b8ac00530,Books,0,One
The Requiem Red,22.65,19,Young Adult,f77dbf2323deb740,Books,0,One
The Dirty Little Secrets of Getting Your Dream Job,33.34,19,Business,2597b5a345f45e1b,Books,0,Four
"The Coming Woman: A Novel Based on the Life of the Infamous Feminist, Victoria Woodhull",17.93,19,Default,e72a5dfc7e9267b2,Books,0,Three
You can't bury them all: Poems,33.63,17,Poetry,55f9da0c5eea2e10,Books,0,Two
Sapiens: A Brief History of Humankind,54.23,20,History,4165285e1663650f,Books,0,Five
Sharp Objects,47.82,20,Mystery,e00eb4fd7b871a48,Books,0,Four
Behind Closed Doors,52.22,18,Thriller,be5cc846f45496fb,Books,0,Four
"In a Dark, Dark Wood",19.63,18,Mystery,19ed25f4641d5efd,Books,0,One
Maude (1883-1993):She Grew Up with the country,18.02,18,Default,094b269567e1c300,Books,0,Two
Penny Maybe,33.29,18,Default,668fe56b17cfcd4f,Books,0,Three
Sophie's World,15.94,18,Philosophy,6be3beb0793a53e7,Books,0,Five
The Elephant Tree,23.82,18,Thriller,5dada2b7be26bd03,Books,0,Five
The Five Love Languages: How to Express Heartfelt Commitment to Your Mate,31.05,18,Nonfiction,3c039985229453bf,Books,0,Three
Wall and Piece,44.18,18,Art,ccd9ffa25efabdea,Books,0,Four
The Bear and the Piano,36.89,18,Childrens,9f6568e9c95f60b0,Books,0,One
The Four Agreements: A Practical Guide to Personal Freedom,17.66,18,Spirituality,6258a1f6a6dcfe50,Books,0,Five
Worlds Elsewhere: Journeys Around Shakespeare’s Globe,40.30,18,Nonfiction,4c28def39d850cdf,Books,0,Five
Chase Me (Paris Nights #2),25.27,19,Romance,c2e46a2ee3b4a322,Books,0,Five
"Foolproof Preserving: A Guide to Small Batch Jams, Jellies, Pickles, Condiments, and More: A Foolproof Guide to Making Small Batch Jams, Jellies, Pickles, Condiments, and More",30.52,19,Food and Drink,5674a18a29a43ced,Books,0,Three
Black Dust,34.53,19,Romance,00bfed9e18bb36f3,Books,0,Five
Birdsong: A Story in Pictures,54.64,19,Childrens,9528d0948525bf5f,Books,0,Three
Aladdin and His Wonderful Lamp,53.13,19,Default,904208d6aa64b655,Books,0,Three
America's Cradle of Quarterbacks: Western Pennsylvania's Football Factory from Johnny Unitas to Joe Montana,22.50,19,Default,c7d160c2c0de586f,Books,0,Three
How Music Works,37.32,19,Music,327f68a59745c102,Books,0,Two
In Her Wake,12.84,19,Thriller,23356462d1320d61,Books,0,One
A Light in the Attic,51.77,22,Poetry,a897fe39b1053632,Books,0,Three
The Past Never Ends,56.50,16,Mystery,5ee94540d0749ea0,Books,0,Four
Soumission,50.10,20,Fiction,6957f44c3847a760,Books,0,One
Tipping the Velvet,53.74,20,Historical Fiction,90fa61229261140a,Books,0,One
The Natural History of Us (The Fine Art of Pretending #2),45.22,16,Young Adult,cedf82b5086e4691,Books,0,Three
"The Pioneer Woman Cooks: Dinnertime: Comfort Classics, Freezer Food, 16-Minute Meals, and Other Delicious Ways to Solve Supper!",56.41,16,Food and Drink,142d767a56a9254d,Books,0,One
The Secret of Dreadwillow Carse,56.13,16,Childrens,b5ea0b5dabed25a8,Books,0,One
Thirst,17.27,16,Fiction,709822d0b5bcb7f4,Books,0,Five
Tsubasa: WoRLD CHRoNiCLE 2 (Tsubasa WoRLD CHRoNiCLE #2),16.28,16,Sequential Art,09555be379ad9253,Books,0,One
This One Summer,19.49,16,Sequential Art,51653ef291ab7ddc,Books,0,Four
Throwing Rocks at the Google Bus: How Growth Became the Enemy of Prosperity,31.12,16,Nonfiction,7858914fad68493c,Books,0,Three
The Torch Is Passed: A Harding Family Story,19.09,16,Add a comment,4eed62cf5f8d8edf,Books,0,One
Unicorn Tracks,18.78,16,Fantasy,7ae099f3898e0209,Books,0,Three
"Unbound: How Eight Technologies Made Us Human, Transformed Society, and Brought Our World to the Brink",25.52,16,History,9a9d6e9bc555731e,Books,0,One
#HigherSelfie: Wake Up Your Life. Free Your Soul. Find Your Tribe.,23.11,17,Nonfiction,c27f6e1f185b0383,Books,0,Five
"We Love You, Charlie Freeman",50.27,16,Fiction,8d455c7539795d2a,Books,0,Five
When We Collided,31.77,16,Contemporary,3ecb690d1542c568,Books,0,One
Untitled Collection: Sabbath Poems 2014,14.27,16,Poetry,657fe5ead67a7767,Books,0,Four
"Unseen City: The Majesty of Pigeons, the Discreet Charm of Snails & Other Wonders of the Urban Wilderness",44.18,16,Nonfiction,d170b5a0da46380e,Books,0,Four
Reasons to Stay Alive,26.41,17,Nonfiction,c8f7f0cb1abb9cac,Books,0,Two
Without Borders (Wanderlove #1),45.07,16,New Adult,acddfeab2a407640,Books,0,Two
Private Paris (Private #10),47.61,17,Fiction,b12b89017878a60d,Books,0,Five
Slow States of Collapse: Poems,57.31,17,Poetry,b4fd5943413e089a,Books,0,Three
"Saga, Volume 5 (Saga (Collected Editions) #5)",51.04,16,Sequential Art,53a3d11bb568cc8b,Books,0,Two
Spark Joy: An Illustrated Master Class on the Art of Organizing and Tidying Up,41.83,16,Nonfiction,87b0615b6e1f4d7b,Books,0,Four
"Rat Queens, Vol. 3: Demons (Rat Queens (Collected Editions) #11-15)",50.40,16,Sequential Art,c82a3e358c773c73,Books,0,Three
Reskilling America: Learning to Labor in the Twenty-First Century,19.83,16,Nonfiction,d7310206583a54b6,Books,0,Two
Security,39.25,16,Horror,6f78a0d744c35456,Books,0,Two
"Saga, Volume 6 (Saga (Collected Editions) #6)",25.02,16,Fantasy,c849f0b2f5d6a742,Books,0,Three
Soul Reader,39.58,16,Default,e6af5bf1163c1151,Books,0,Two
The Activist's Tao Te Ching: Ancient Advice for a Modern Revolution,32.24,16,Spirituality,7d6d2a6c0276f81b,Books,0,Five
The Age of Genius: The Seventeenth Century and the Birth of the Modern Mind,19.73,16,History,a3d2a4250807f1e9,Books,0,One
The Art Forger,40.76,16,Add a comment,80cfab6bcff3a244,Books,0,Three
The Electric Pencil: Drawings from Inside State Hospital No. 3,56.06,16,Nonfiction,a30b270e25489e5c,Books,0,One
The Death of Humanity: and the Case for Life,58.11,16,Philosophy,bd261725b99f5983,Books,0,Four
"The Bulletproof Diet: Lose up to a Pound a Day, Reclaim Energy and Focus, Upgrade Your Life",49.05,16,Health,43c6a960757cf559,Books,0,Three
The Gutsy Girl: Escapades for Your Life of Epic Adventure,37.13,16,Nonfiction,acd86a5426e21ca0,Books,0,One
"The Inefficiency Assassin: Time Management Tactics for Working Smarter, Not Longer",20.59,16,Default,8c9e6bf2467d740d,Books,0,Five
The Life-Changing Magic of Tidying Up: The Japanese Art of Decluttering and Organizing,16.77,16,Nonfiction,0da9aa9d24677fc0,Books,0,Three
"The Mindfulness and Acceptance Workbook for Anxiety: A Guide to Breaking Free from Anxiety, Phobias, and Worry Using Acceptance and Commitment Therapy",23.89,16,Add a comment,31075275518532d7,Books,0,Four
The Most Perfect Thing: Inside (and Outside) a Bird's Egg,42.96,16,Science,aadee1c326d286e3,Books,0,Four
The Murder That Never Was (Forensic Instincts #5),54.11,16,Fiction,d01ac97e2b8947c2,Books,0,Three
The Nameless City (The Nameless City #1),38.16,16,Sequential Art,7d385d34d12e60ff,Books,0,Four
"Layered: Baking, Building, and Styling Spectacular Cakes",40.11,16,Food and Drink,7b75cc7f223791f4,Books,0,One
Join,35.67,16,Science Fiction,18ad3ed896c7ce05,Books,0,Five
Lumberjanes Vol. 3: A Terrible Plan (Lumberjanes #9-12),19.92,16,Sequential Art,57e5a4d515c8ce44,Books,0,Two
"Lumberjanes, Vol. 1: Beware the Kitten Holy (Lumberjanes #1-4)",45.61,16,Sequential Art,b6ee99bcf06fc91f,Books,0,Three
Judo: Seven Steps to Black Belt (an Introductory Guide for Beginners),53.90,16,Add a comment,228f74b74f3a08ae,Books,0,Two
In the Country We Love: My Family Divided,22.00,16,Nonfiction,b136b1b180ca753a,Books,0,Four
"Lumberjanes, Vol. 2: Friendship to the Max (Lumberjanes #5-8)",46.91,16,Sequential Art,460089f796fb3f82,Books,0,Two
"Mama Tried: Traditional Italian Cooking for the Screwed, Crude, Vegan, and Tattooed",14.02,16,Food and Drink,72f9d5be3472d34e,Books,0,Four
Masks and Shadows,56.40,16,Fantasy,fa9610a50a1bf149,Books,0,Two
On a Midnight Clear,14.07,16,Add a comment,b757c0c361e689ce,Books,0,Three
My Paris Kitchen: Recipes and Stories,33.37,16,Food and Drink,784bc2279baa878d,Books,0,Two
Obsidian (Lux #1),14.86,16,Young Adult,3c346ab1e76ae1f6,Books,0,Two
"Outcast, Vol. 1: A Darkness Surrounds Him (Outcast #1)",15.44,16,Sequential Art,889139b8e9c4cb36,Books,0,Four
Online Marketing for Busy Authors: A Step-By-Step Guide,46.35,16,Self Help,9ffa38d3b832433a,Books,0,One
orange: The Complete Collection 1 (orange: The Complete Collection #1),48.41,16,Sequential Art,11809b1d323b3057,Books,0,One
Patience,10.16,16,Sequential Art,9429b4d59c537af5,Books,0,Three
"Political Suicide: Missteps, Peccadilloes, Bad Calls, Backroom Hijinx, Sordid Pasts, Rotten Breaks, and Just Plain Dumb Mistakes in the Annals of American Politics",36.28,16,History,7392c0032f92d816,Books,0,Two
"Pop Gun War, Volume 1: Gift",18.97,16,Sequential Art,e80f8e518b300dfe,Books,0,One
"Princess Jellyfish 2-in-1 Omnibus, Vol. 01 (Princess Jellyfish 2-in-1 Omnibus #1)",13.61,16,Sequential Art,0fa6dceead7ce47a,Books,0,Five
Princess Between Worlds (Wide-Awake Princess #5),13.34,16,Fantasy,0e691eda369f4e09,Books,0,Five
Bossypants,49.46,16,Default,74baabfc8fd84b38,Books,0,Two
Camp Midnight,17.08,16,Sequential Art,7b599c8bfcdd8d30,Books,0,Four
Burning,28.81,16,Young Adult,5ceb951f629700a2,Books,0,Three
"Avatar: The Last Airbender: Smoke and Shadow, Part 3 (Smoke and Shadow #3)",28.09,16,Fantasy,6d5300b2d8f37e07,Books,0,Two
"Bitch Planet, Vol. 1: Extraordinary Machine (Bitch Planet (Collected Editions))",37.92,16,Sequential Art,bdf415fd484ea8a7,Books,0,Two
Call the Nurse: True Stories of a Country Nurse on a Scottish Isle,29.14,16,Nonfiction,bee3672891cca906,Books,0,Five
"Codename Baboushka, Volume 1: The Conclave of Death",36.72,16,Sequential Art,8754c83ab2a7ae71,Books,0,Four
Crown of Midnight (Throne of Glass #2),43.29,16,Fantasy,7267864328ae8b9d,Books,0,Three
Danganronpa Volume 1,51.99,16,Sequential Art,09b6cc87e62c2c58,Books,0,Four
"Don't Be a Jerk: And Other Practical Advice from Dogen, Japan's Greatest Zen Master",37.97,16,Religion,fce19f9b4a943f22,Books,0,Two
Everydata: The Misinformation Hidden in the Little Data You Consume Every Day,54.35,16,Nonfiction,311c0dd0e354a33e,Books,0,Two
Forever and Forever: The Courtship of Henry Longfellow and Fanny Appleton,29.69,16,Historical Fiction,9beb96a2300109d7,Books,0,Three
Fifty Shades Darker (Fifty Shades #2),21.96,16,Romance,7add3f8e49ec0826,Books,0,One
First and First (Five Boroughs #3),15.97,16,Romance,9e28048cea8d41f7,Books,0,Four
"Giant Days, Vol. 2 (Giant Days #5-8)",22.11,16,Sequential Art,f2df3bb043a8abb0,Books,0,Two
I am a Hero Omnibus Volume 1,54.63,16,Sequential Art,1c89ae5bb804e4de,Books,0,Three
How to Be Miserable: 40 Strategies You Already Use,46.03,16,Self Help,a6f99b9e687f9d46,Books,0,One
Her Backup Boyfriend (The Sorensen Family #1),33.97,16,Romance,2a97cffe61c3c4c7,Books,0,One
Immunity: How Elie Metchnikoff Changed the Course of Modern Medicine,57.36,16,Science,e4f74c16de34d440,Books,0,Five
"I Hate Fairyland, Vol. 1: Madly Ever After (I Hate Fairyland (Compilations) #1-5)",29.17,16,Sequential Art,8d4eefad7a2b3915,Books,0,Two
The White Cat and the Monk: A Retelling of the Poem “Pangur Bán”,58.08,15,Childrens,37c0cb19713d8dda,Books,0,Four
The Vacationers,42.15,15,Fiction,fd3a622648667296,Books,0,Four
The Third Wave: An Entrepreneur’s Vision of the Future,12.61,15,Business,3bebf34ee9330cbd,Books,0,Five
Thirteen Reasons Why,52.72,15,Default,bc2a85fd35fdc7bd,Books,0,One
The Stranger,17.44,15,Philosophy,f5a92cff83897d48,Books,0,Four
Thomas Jefferson and the Tripoli Pirates: The Forgotten War That Changed American History,59.64,15,History,de3f25248ba0789f,Books,0,One
The Wedding Dress,24.12,15,Romance,623e1a180426039b,Books,0,One
Tracing Numbers on a Train,41.60,15,Default,d7d6d50c1e3d0b81,Books,0,Three
Tuesday Nights in 1980,21.04,15,Fiction,b8736690cf263a3c,Books,0,Two
"William Shakespeare's Star Wars: Verily, A New Hope (William Shakespeare's Star Wars #4)",43.30,15,Science Fiction,9270575728a13a61,Books,0,Four
Throne of Glass (Throne of Glass #1),35.07,15,Fantasy,590a9cccf7db9f7d,Books,0,Three
(Un)Qualified: How God Uses Broken People to Do Big Things,54.00,16,Christian,e4ac92d89b946781,Books,0,Five
A Court of Thorns and Roses (A Court of Thorns and Roses #1),52.37,16,Fantasy,01d2001ac1e6f8a3,Books,0,One
You Are What You Love: The Spiritual Power of Habit,21.87,15,Religion,796c87ddbbaaf8c5,Books,0,Four
A Fierce and Subtle Poison,28.13,16,Young Adult,842790dfaa937484,Books,0,Four
A Flight of Arrows (The Pathfinders #2),55.53,16,Historical Fiction,3a6fb983e2554023,Books,0,Five
A Murder in Time,16.64,16,Mystery,f733e8c19d40ec2e,Books,0,One
"A Piece of Sky, a Grain of Rice: A Memoir in Four Meditations",56.76,16,Default,8a380641491d43ed,Books,0,Five
A World of Flavor: Your Gluten Free Passport,42.95,16,Default,70ed59f194b3c556,Books,0,One
Algorithms to Live By: The Computer Science of Human Decisions,30.81,16,Nonfiction,38d45839cb1c83c1,Books,0,One
The Glittering Court (The Glittering Court #1),44.28,15,Fantasy,2dbb7ec08cdd7f3c,Books,0,One
The Cookies & Cups Cookbook: 125+ sweet & savory recipes reminding you to Always Eat Dessert First,41.25,15,Food and Drink,96a38e7c813d8f1d,Books,0,One
The Emerald Mystery,23.15,15,Default,d6670dfe3e7b42bd,Books,0,Two
The Genius of Birds,17.24,15,Nonfiction,42d0d7c92b75fc1c,Books,0,One
The House by the Lake,36.95,15,Historical Fiction,9287e238d7c3b06e,Books,0,One
The Girl on the Train,55.02,15,Default,e956d67c9bcc5809,Books,0,Two
The Kite Runner,41.82,15,Default,eac1a180047ad54e,Books,0,Four
The Long Shadow of Small Ghosts: Murder and Memory in an American City,10.97,15,Crime,abeafe151a587d3b,Books,0,One
The Love and Lemons Cookbook: An Apple-to-Zucchini Celebration of Impromptu Cooking,37.60,15,Food and Drink,e28e330cbdf01126,Books,0,Two
The Mistake (Off-Campus #2),43.29,15,New Adult,99ff4cc6491e8f5c,Books,0,Three
The Nerdy Nummies Cookbook: Sweet Treats for the Geek in All of Us,37.34,15,Food and Drink,e4c7f3487d17fd42,Books,0,Five
The Omnivore's Dilemma: A Natural History of Four Meals,38.21,15,Nonfiction,209adad1015af86f,Books,0,Two
The Power of Now: A Guide to Spiritual Enlightenment,43.54,15,Nonfiction,8ec14b1576cb7cb5,Books,0,Two
The Matchmaker's Playbook (Wingmen Inc. #1),55.85,15,New Adult,08db62f24627e71f,Books,0,One
The Murder of Roger Ackroyd (Hercule Poirot #4),44.10,15,Mystery,c7b5183f4d1d4efe,Books,0,Four
The Project,10.65,15,Science Fiction,790ef197c8f236f5,Books,0,One
The Psychopath Test: A Journey Through the Madness Industry,36.00,15,Default,e98a4efa85070c2f,Books,0,Two
The Regional Office Is Under Attack!,51.36,15,Fiction,0651062381f0636a,Books,0,Five
The Secret (The Secret #1),27.37,15,Default,961f18db4f138211,Books,0,Four
The Shadow Hero (The Shadow Hero),33.14,15,Sequential Art,d6361d16212664ed,Books,0,One
Poses for Artists Volume 1 - Dynamic and Sitting Poses: An Essential Reference for Figure Drawing and the Human Form,41.06,15,Default,d9c643fa1fc57bdb,Books,0,One
"Nightingale, Sing",38.28,15,Young Adult,50b8f80311b31ede,Books,0,One
Night Sky with Exit Wounds,41.05,15,Poetry,cfeb1e1e0e695b58,Books,0,One
Redeeming Love,20.47,15,Christian Fiction,b53db2271c9624f7,Books,0,Five
Mrs. Houdini,30.25,15,Historical Fiction,a40723994f715420,Books,0,Five
Poems That Make Grown Women Cry,14.19,15,Poetry,31001a1210623bd4,Books,0,Four
Romero and Juliet: A Tragic Tale of Love and Zombies,36.94,15,Default,e656e280bc8edd56,Books,0,One
Scarlett Epstein Hates It Here,43.55,15,Young Adult,1c929cfd16b71907,Books,0,Five
Shoe Dog: A Memoir by the Creator of NIKE,23.99,15,Business,0e0dcc3339602b28,Books,0,Two
So You've Been Publicly Shamed,12.23,15,Nonfiction,1b33663ad7b95fd8,Books,0,Two
"Shobu Samurai, Project Aryoku (#3)",29.06,15,Add a comment,0c27e6c3744fc14b,Books,0,Three
Soft Apocalypse,26.12,15,Science Fiction,2a70769cdc6eb8b8,Books,0,Two
Secrets and Lace (Fatal Hearts #1),20.27,15,Default,ad04ad9fc179fc5d,Books,0,One
Something More Than This,16.24,15,Romance,ca71e72655bece85,Books,0,Four
Suddenly in Love (Lake Haven #1),55.99,15,Romance,203b7f94b7d6115f,Books,0,Two
The 10% Entrepreneur: Live Your Startup Dream Without Quitting Your Day Job,27.55,15,Business,56e4f9eab2e8e674,Books,0,Three
The Argonauts,10.93,15,Autobiography,c99761a700ade23f,Books,0,Two
The Art of War,33.34,15,Default,e7469e22b5bfb3e7,Books,0,Five
The Bridge to Consciousness: I'm Writing the Bridge Between Science and Our Old and New Beliefs.,32.00,15,Default,efc3768127714ec3,Books,0,Three
The Artist's Way: A Spiritual Path to Higher Creativity,38.49,15,Nonfiction,dd047728de72ad62,Books,0,Five
Drive: The Surprising Truth About What Motivates Us,34.95,15,Default,6ffb36aaeff1c81e,Books,0,Four
"Deliciously Ella Every Day: Quick and Easy Recipes for Gluten-Free Snacks, Packed Lunches, and Simple Meals",42.16,15,Food and Drink,46c1530d7546ea6d,Books,0,Three
Doing It Over (Most Likely To #1),35.61,15,Romance,3a11bb962ff45b78,Books,0,Three
Finders Keepers (Bill Hodges Trilogy #2),53.53,15,Fiction,edb3097e71330040,Books,0,Five
Done Rubbed Out (Reightman & Bailey #1),37.72,15,Default,f6d967cdadc6fbd9,Books,0,Five
"Fables, Vol. 1: Legends in Exile (Fables #1)",41.62,15,Sequential Art,65d034adf80834b7,Books,0,Four
Eureka Trivia 6.0,54.59,15,Default,29c0025455f8c585,Books,0,Four
Grumbles,22.16,15,Default,d163dd6c352fbcd2,Books,0,Two
First Steps for New Christians (Print Edition),29.00,15,Default,2f88b08bf0a0e367,Books,0,One
Hollow City (Miss Peregrine’s Peculiar Children #2),42.98,15,Fantasy,4ce91d31c1e57c33,Books,0,One
I Had a Nice Time And Other Lies...: How to find love & sh*t like that,57.36,15,Womens Fiction,fd8585283fc7d2d7,Books,0,Four
Full Moon over Noah’s Ark: An Odyssey to Mount Ararat and Beyond,49.43,15,Travel,ce60436f52c5ee68,Books,0,Four
Follow You Home,21.36,15,Horror,8585760646e3aa2a,Books,0,One
Frostbite (Vampire Academy #2),29.99,15,Young Adult,116a2fdc9a45bab0,Books,0,Five
Large Print Heart of the Pride,19.15,15,Default,c1afd71fc86bf682,Books,0,Two
Library of Souls (Miss Peregrine’s Peculiar Children #3),48.56,15,Young Adult,ba54932df84e8cea,Books,0,Five
Little Red,13.47,15,Childrens,4aa03792b50f0b22,Books,0,Three
Louisa: The Extraordinary Life of Mrs. Adams,16.85,15,Biography,d69dd8dac66f9f84,Books,0,Two
Miss Peregrine’s Home for Peculiar Children (Miss Peregrine’s Peculiar Children #1),10.76,15,Default,af96613fdd793a3c,Books,0,One
Modern Romance,28.26,15,Add a comment,caf4fe9311f1dc59,Books,0,Five
"Wonder Woman: Earth One, Volume One (Wonder Woman: Earth One #1)",37.34,14,Sequential Art,047097293bb4d1c0,Books,0,Four
Why the Right Went Wrong: Conservatism--From Goldwater to the Tea Party and Beyond,52.65,14,Politics,2b5054a4192e9b06,Books,0,Four
You (You #1),43.61,14,Thriller,024387ca4cafd5cc,Books,0,Five
Agnostic: A Spirited Manifesto,12.51,15,Nonfiction,d195e7f4ed697350,Books,0,Five
Wild Swans,14.36,14,Young Adult,3fb15ace50d6142b,Books,0,Two
Zealot: The Life and Times of Jesus of Nazareth,24.70,14,History,dd5bfa6cc2c0ecc3,Books,0,Three
Amatus,50.54,15,Default,ffd54178acc9a6a5,Books,0,Five
Amid the Chaos,36.58,15,Cultural,bb8245f52c7cce8f,Books,0,One
Amy Meets the Saints and Sages,18.46,15,Default,7ebfa6c1bee69e1e,Books,0,Three
Ayumi's Violin,15.48,15,Default,05f7c6d9a4e582d3,Books,0,Two
Anonymous,46.82,15,Default,d24b829be2ca81c4,Books,0,Four
Batman: The Dark Knight Returns (Batman),15.38,15,Sequential Art,47271d8e08b5d31c,Books,0,Five
Batman: The Long Halloween (Batman),36.50,15,Sequential Art,7edc0527cf782e19,Books,0,Two
Becoming Wise: An Inquiry into the Mystery and Art of Living,27.43,15,Nonfiction,919e7cb2269a25d2,Books,0,Two
Beauty Restored (Riley Family Legacy Novellas #3),11.11,15,Default,3f69e667a67e54d9,Books,0,Two
Big Magic: Creative Living Beyond Fear,30.80,15,Nonfiction,1f329c2e7d7de8bd,Books,0,Three
Chasing Heaven: What Dying Taught Me About Living,37.80,15,Spirituality,513271dadc1322ae,Books,0,Two
Dark Notes,19.19,15,Erotica,88c21fcd38e2486e,Books,0,Five
"Daring Greatly: How the Courage to Be Vulnerable Transforms the Way We Live, Love, Parent, and Lead",19.43,15,Nonfiction,3b9a3b4624b7fd6d,Books,0,Three
Close to You,49.46,15,Christian Fiction,a57b1dcbd6849222,Books,0,Four
The Songs of the Gods,44.48,14,Default,00c4543ec6bd25b4,Books,0,Five
The Time Keeper,27.88,14,Fiction,e9906e2f0d189745,Books,0,Five
The Star-Touched Queen,46.02,14,Fantasy,1528279aec1f3dce,Books,0,Five
The Wedding Pact (The O'Malleys #2),32.61,14,Romance,c5cb9f885d8b3621,Books,0,Three
The Song of Achilles,37.40,14,Add a comment,e88fb1c9397cfb27,Books,0,Five
The Testament of Mary,52.67,14,Fiction,081305e6df719dff,Books,0,Four
The Rosie Project (Don Tillman #1),54.04,14,Default,012094e90a4b908d,Books,0,One
The Wright Brothers,56.80,14,Default,08b2f71d93836313,Books,0,Four
The Year of Magical Thinking,43.04,14,Nonfiction,34c0d7c4ee5650af,Books,0,Two
This Is Where It Ends,27.12,14,Young Adult,f0f38174a7e689a3,Books,0,Two
Through the Woods,25.38,14,Sequential Art,6e44bcbeac7f4360,Books,0,Two
The White Queen (The Cousins' War #1),25.91,14,Add a comment,6875c5657661b2fb,Books,0,Five
Twenty Yawns,22.08,14,Childrens,1d6443ffba9dfd80,Books,0,Two
"Unbroken: A World War II Story of Survival, Resilience, and Redemption",45.95,14,Default,76c84daa539426e2,Books,0,Two
Until Friday Night (The Field Party #1),46.31,14,Young Adult,aba2db9afb1469c7,Books,0,Two
V for Vendetta (V for Vendetta Complete),37.10,14,Default,4a1debca3135ff37,Books,0,Four
What's It Like in Space?: Stories from Astronauts Who've Been There,19.60,14,Nonfiction,6fd646a334e6e133,Books,0,Two
Walt Disney's Alice in Wonderland,12.96,14,Childrens,6a31307a81e8f3a8,Books,0,Five
Whole Lotta Creativity Going On: 60 Fun and Unusual Exercises to Awaken and Strengthen Your Creativity,38.20,14,Nonfiction,44a10f1ac8ce822e,Books,0,Four
"We Are Robin, Vol. 1: The Vigilante Business (We Are Robin #1)",53.90,14,Sequential Art,92275cedf6d8ee15,Books,0,One
The Bane Chronicles (The Bane Chronicles #1-11),44.73,14,Fantasy,dc6f688b82e42a5b,Books,0,Four
Tastes Like Fear (DI Marnie Rome #3),10.69,14,Mystery,2d1e337aaf341858,Books,0,One
The Bad-Ass Librarians of Timbuktu: And Their Race to Save the World’s Most Precious Manuscripts,15.77,14,Nonfiction,923831a05c9f91f7,Books,0,One
The Darkest Lie,35.35,14,Young Adult,6edacfd1f8ebb9eb,Books,0,Five
That Darkness (Gardiner and Renner #1),13.92,14,Mystery,0c7b9cf2b7662b65,Books,0,One
Take Me with You,45.21,14,Fiction,2c04320e110a14a3,Books,0,Three
The 14th Colony (Cotton Malone #11),39.24,14,Thriller,1b8187fa4bf6ab05,Books,0,One
The Dovekeepers,48.78,14,Add a comment,3d76bc83c6b644c9,Books,0,One
The Hidden Oracle (The Trials of Apollo #1),52.26,14,Fantasy,992974ba6a0536ea,Books,0,Two
The Guilty (Will Robie #4),13.82,14,Thriller,847935fc68707426,Books,0,Two
The Help Yourself Cookbook for Kids: 60 Easy Plant-Based Recipes Kids Can Make to Stay Healthy and Save the Earth,28.77,14,Food and Drink,ddc8340dabc8641b,Books,0,Three
The Last Mile (Amos Decker #2),54.21,14,Mystery,3bc89353f7e3a3cc,Books,0,Two
The Literature Book (Big Ideas Simply Explained),17.43,14,Nonfiction,4881cc53f6c8892f,Books,0,Three
The Immortal Life of Henrietta Lacks,40.67,14,Add a comment,f72f61ad6a5f12ed,Books,0,Two
The First Hostage (J.B. Collins #2),25.85,14,Fiction,a86972014275e072,Books,0,Three
The Loney,23.40,14,Horror,2d88a31f325dfd3b,Books,0,One
The Long Haul (Diary of a Wimpy Kid #9),44.07,14,Humor,f21effc079a2b38a,Books,0,One
The Lucifer Effect: Understanding How Good People Turn Evil,10.40,14,Psychology,4e812d32d64e2431,Books,0,One
The Marriage of Opposites,28.08,14,Historical Fiction,52cf2a5933ec5d8f,Books,0,Four
The Power of Habit: Why We Do What We Do in Life and Business,16.88,14,Default,6bdd909329435e80,Books,0,Three
Once Was a Time,18.28,14,Childrens,e34efcc824685332,Books,0,Two
"Quarter Life Poetry: Poems for the Young, Broke and Hangry",50.89,14,Poetry,aa35446aab16017f,Books,0,Five
Old School (Diary of a Wimpy Kid #10),11.83,14,Humor,02b74068fa98d8a4,Books,0,Five
Pet Sematary,10.56,14,Horror,af58a74e4b2a23a0,Books,0,Three
"Naruto (3-in-1 Edition), Vol. 14: Includes Vols. 40, 41 & 42 (Naruto: Omnibus #14)",38.39,14,Sequential Art,71e36f33981ddb74,Books,0,Two
"Overload: How to Unplug, Unwind, and Unleash Yourself from the Pressure of Stress",52.15,14,Self Help,8ecf0356a3878811,Books,0,Three
No Dream Is Too High: Life Lessons From a Man Who Walked on the Moon,21.95,14,Nonfiction,132ec5e8c984adef,Books,0,Two
Rain Fish,23.57,14,Childrens,a6454e329f872b78,Books,0,Three
Shtum,55.84,14,Fiction,830fb3967c74866d,Books,0,Four
"Red Hood/Arsenal, Vol. 1: Open for Business (Red Hood/Arsenal #1)",25.48,14,Sequential Art,31e2e2d9cca3778f,Books,0,Two
Robin War,47.82,14,Sequential Art,85b2176b3b194030,Books,0,Three
salt.,46.78,14,Poetry,86cbddb61ea78bb7,Books,0,Four
See America: A Celebration of Our National Parks & Treasured Sites,48.87,14,Travel,f9705c362f070608,Books,0,Three
Someone Like You (The Harrisons #2),52.79,14,Contemporary,a278db6b2b09cf9f,Books,0,Five
"So Cute It Hurts!!, Vol. 6 (So Cute It Hurts!! #6)",35.43,14,Sequential Art,394f6d30cafc3edb,Books,0,Four
Sorting the Beef from the Bull: The Science of Food Fraud Forensics,44.74,14,Science,3edcccc4f341fb1a,Books,0,Four
Still Life with Bread Crumbs,26.41,14,Fiction,fe44cc816576c652,Books,0,Three
Steve Jobs,39.50,14,Default,95019eac1c0a052f,Books,0,Five
Superman Vol. 1: Before Truth (Superman by Gene Luen Yang #1),11.89,14,Sequential Art,ac8e3949d284e9a9,Books,0,Five
Swell: A Year of Waves,45.58,14,Nonfiction,4c8b7540409da4ac,Books,0,One
"Hush, Hush (Hush, Hush #1)",47.02,14,Default,6b6cd77fbc91b7a6,Books,0,Three
I Am Pilgrim (Pilgrim #1),10.60,14,Fiction,aeff7b87a8e83ebb,Books,0,Four
Lady Midnight (The Dark Artifices #1),16.28,14,Default,708345c9897fd7c5,Books,0,Five
I Know What I'm Doing -- and Other Lies I Tell Myself: Dispatches from a Life Under Construction,25.98,14,Humor,b8a8ff84233f0570,Books,0,Four
"It's All Easy: Healthy, Delicious Weeknight Meals in under 30 Minutes",19.55,14,Food and Drink,245e6bf08b8d2955,Books,0,One
Island of Dragons (Unwanteds #7),29.65,14,Fantasy,2b52334fab158861,Books,0,One
"Hyperbole and a Half: Unfortunate Situations, Flawed Coping Mechanisms, Mayhem, and Other Things That Happened",14.75,14,Humor,fbb21a2f71f4d981,Books,0,Five
"Living Leadership by Insight: A Good Leader Achieves, a Great Leader Builds Monuments",46.91,14,Default,17fb5a88180f9904,Books,0,Four
Looking for Lovely: Collecting the Moments that Matter,29.14,14,Nonfiction,24af96df0bafb925,Books,0,Five
Let It Out: A Journey Through Journaling,26.79,14,Nonfiction,1174156c4a0eccaa,Books,0,Five
Love Is a Mix Tape (Music #1),18.03,14,Music,adb5f51c2e2ab13f,Books,0,One
Luis Paints the World,53.95,14,Childrens,5b43cae640f2338a,Books,0,Three
Lowriders to the Center of the Earth (Lowriders in Space #2),51.51,14,Sequential Art,a10c7515834240f3,Books,0,Two
Made to Stick: Why Some Ideas Survive and Others Die,38.85,14,Business,b96fc7a0ea7d4b45,Books,0,Five
Luckiest Girl Alive,49.83,14,Default,d512871626a5e588,Books,0,Three
My Name Is Lucy Barton,41.56,14,Fiction,727bf2b86b19ad88,Books,0,One
More Than Music (Chasing the Dream #1),37.61,14,Add a comment,47d47155e89c8be7,Books,0,Two
My Kind of Crazy,40.36,14,Young Adult,137b0b2775701e11,Books,0,One
Mr. Mercedes (Bill Hodges Trilogy #1),28.90,14,Fiction,caa2e5b3fb1b2d4c,Books,0,One
My Mrs. Brown,24.48,14,Fiction,cc82685d9f49bc2c,Books,0,Three
Dear Mr. Knightley,11.21,14,Fiction,94a958ea126cdcd5,Books,0,Five
Cometh the Hour (The Clifton Chronicles #6),25.01,14,Fiction,28cf0d1c51b491e5,Books,0,Three
Demigods & Magicians: Percy and Annabeth Meet the Kanes (Percy Jackson & Kane Chronicles Crossover #1-3),37.51,14,Fantasy,3c6fe637a0180b01,Books,0,Five
Crazy Love: Overwhelmed by a Relentless God,47.72,14,Christian,4b9d9cfe0f435788,Books,0,Two
Daily Fantasy Sports,36.58,14,Default,0e94a089328be4bc,Books,0,One
Doctor Sleep (The Shining #2),40.12,14,Horror,bf5de316a5e9a4ab,Books,0,Two
Don't Get Caught,55.35,14,Young Adult,ad2887ce04583910,Books,0,One
"Eaternity: More than 150 Deliciously Easy Vegan Recipes for a Long, Healthy, Satisfied, Joyful Life",51.75,14,Nonfiction,a01f6d368ef64dc5,Books,0,Five
"Eat Fat, Get Thin",54.07,14,Health,047dfa57ba0bf638,Books,0,Two
Every Last Word,46.47,14,Default,a2bd4ca82d908442,Books,0,Three
Feathers: Displays of Brilliant Plumage,49.05,14,Art,9194ae88379dbf1a,Books,0,Three
Eligible (The Austen Project #4),27.09,14,Fiction,9eaf58b03a2779cc,Books,0,Three
"Far & Away: Places on the Brink of Change: Seven Continents, Twenty-Five Years",15.06,14,Nonfiction,ac4dde0d1be05de0,Books,0,Four
God: The Most Unpleasant Character in All Fiction,30.03,14,Religion,eec424a84c9e4c68,Books,0,Five
El Deafo,57.62,14,Sequential Art,27c5968fe43cc06e,Books,0,Five
Eight Hundred Grapes,14.39,14,Fiction,1d6dd0c87d90fe92,Books,0,Four
Glory over Everything: Beyond The Kitchen House,45.84,14,Historical Fiction,de4b403cb629a29f,Books,0,Three
Greek Mythic History,10.23,14,Default,f201f263d8c23f97,Books,0,Five
Art Ops Vol. 1,48.80,14,Sequential Art,ffdc825785c0ede8,Books,0,Three
Hamilton: The Revolution,58.79,14,Nonfiction,afa829857f82f99e,Books,0,Three
Hold Your Breath (Search and Rescue #1),28.82,14,Romance,0b165bd4b9f42fd5,Books,0,One
Angels Walking (Angels Walking #1),34.20,14,Add a comment,1fbb5f786e53a0ce,Books,0,Two
Aristotle and Dante Discover the Secrets of the Universe (Aristotle and Dante Discover the Secrets of the Universe #1),58.14,14,Young Adult,41164b8ac02a2c42,Books,0,Four
Angels & Demons (Robert Langdon #1),51.48,14,Default,ad41c24ccac0c7ce,Books,0,Three
Balloon Animals,17.03,14,Fiction,9b65f676984c9f0c,Books,0,Three
Barefoot Contessa at Home: Everyday Recipes You'll Make Over and Over Again,50.62,14,Food and Drink,0e0da9192a025efc,Books,0,Five
Batman: Europa,32.01,14,Sequential Art,bf68dcb5fad3cc8c,Books,0,Two
Carrie,46.23,14,Default,5f22418922fa728b,Books,0,Two
Barefoot Contessa Back to Basics,28.01,14,Food and Drink,999912e63a3262ae,Books,0,One
Buying In: The Secret Dialogue Between What We Buy and Who We Are,37.80,14,Nonfiction,16ef91b9d827859c,Books,0,Four
Brain on Fire: My Month of Madness,49.32,14,Nonfiction,a80f66b254fe9eb3,Books,0,Five
"Carry On, Warrior: Thoughts on Life Unarmed",31.85,14,Default,1b0fc9f777cad045,Books,0,Three
Catching Jordan (Hundred Oaks),50.83,14,Young Adult,e2e7b683b4c15b7d,Books,0,Three
Cell,20.29,14,Add a comment,bfbb54bc8cdeed2b,Books,0,Four
City of Bones (The Mortal Instruments #1),43.28,14,Default,5b987e54ee72525c,Books,0,One
City of Ashes (The Mortal Instruments #2),47.27,14,Default,8a6ec2761f91dad2,Books,0,One
City of Fallen Angels (The Mortal Instruments #4),11.23,14,Default,1e264c677d4ee4ae,Books,0,Four
City of Glass (The Mortal Instruments #3),56.02,14,Fantasy,966ebb738e0f9d9b,Books,0,Four
Clockwork Angel (The Infernal Devices #1),44.14,14,Default,42b0c50fc44140ec,Books,0,One
Code Name Verity (Code Name Verity #1),22.13,14,Add a comment,33a3e0e3ffde0dcd,Books,0,Four
The Silent Sister (Riley MacPherson #1),46.29,12,Fiction,ce1ae197ada2aec4,Books,0,Five
Will You Won't You Want Me?,13.86,12,Womens Fiction,077b635ff2afc578,Books,0,Three
Rook,37.86,13,Add a comment,44d97b6707dae3f0,Books,0,Four
Tipping Point for Planet Earth: How Close Are We to the Edge?,37.55,12,Science,148715df5a02ea5e,Books,0,One
My Kitchen Year: 136 Recipes That Saved My Life,11.53,13,Food and Drink,8bbd7df8a324f31d,Books,0,Two
The Star-Touched Queen,32.30,12,Fantasy,4a7a25be293ad678,Books,0,Five
13 Hours: The Inside Account of What Really Happened In Benghazi,27.06,13,Nonfiction,4be9d1910f8a4e80,Books,0,One
Searching for Meaning in Gailana,38.73,13,Fantasy,2f0213137a80d485,Books,0,One
"The Three Searches, Meaning, and the Story",13.33,13,Default,ac5e0d3938caf686,Books,0,Three
A Brush of Wings (Angels Walking #3),55.51,14,Add a comment,01a177623cce9596,Books,0,One
A Man Called Ove,39.72,14,Fiction,8682c03de6a844ff,Books,0,One
1491: New Revelations of the Americas Before Columbus,21.80,14,History,6e8e5626ac4d279e,Books,0,Three
A People's History of the United States,40.79,14,Add a comment,1ad06aed9349af46,Books,0,Two
A Distant Mirror: The Calamitous 14th Century,14.58,14,History,d5e0526e1ab682a3,Books,0,Three
"A Series of Catastrophes and Miracles: A True Story of Love, Science, and Cancer",56.48,14,Add a comment,c1379d3744f1dd2c,Books,0,Two
A Study in Scarlet (Sherlock Holmes #1),16.73,14,Mystery,63ee5bc46066a8a8,Books,0,Two
All the Light We Cannot See,29.87,14,Historical,39861fc1c0845d15,Books,0,Five
A Time of Torment (Charlie Parker #14),48.35,14,Mystery,4416c474713ec1f5,Books,0,Five
Abstract City,56.37,14,Nonfiction,cf1aa2fc02a7d1e0,Books,0,Five
"Adulthood Is a Myth: A ""Sarah's Scribbles"" Collection",10.90,14,Sequential Art,5319169a72714c62,Books,0,Two
Most Wanted,35.28,12,Mystery,c039f5aceb093537,Books,0,Three
How to Speak Golf: An Illustrated Guide to Links Lingo,58.32,12,Default,b978c9852cde91bd,Books,0,Five
No Love Allowed (Dodge Cove #1),54.65,12,Young Adult,db84624b151cbe06,Books,0,Four
"Love, Lies and Spies",20.55,12,Historical Fiction,9546d537fbf99eb6,Books,0,Two
One with You (Crossfire #5),15.71,12,Add a comment,81ef44fcc5f454df,Books,0,Four
Murder at the 42nd Street Library (Raymond Ambler #1),54.36,12,Mystery,e7fe3bf2768602cf,Books,0,Four
Poisonous (Max Revere Novels #3),26.80,12,Mystery,abdd91e96515a617,Books,0,Three
Psycho: Sanitarium (Psycho #1.5),36.97,12,Horror,b8d7b3f5c7a95d65,Books,0,Five
Quench Your Own Thirst: Business Lessons Learned Over a Beer or Two,43.14,12,Business,8976d9161c027142,Books,0,One
Stars Above (The Lunar Chronicles #4.5),48.05,12,Young Adult,b63ea3f7a57ae099,Books,0,Two
Raspberry Pi Electronics Projects for the Evil Genius,49.67,12,Default,ebf81a62e4798fd1,Books,0,Four
Snatched: How A Drug Queen Went Undercover for the DEA and Was Kidnapped By Colombian Guerillas,21.21,12,Nonfiction,f40fea200e0c644f,Books,0,Three
The Diary of a Young Girl,59.90,12,Nonfiction,54fc03f1e1d355db,Books,0,Three
The Dinner Party,56.54,12,Fiction,c6ca293d4810e0d5,Books,0,Two
The Children,11.88,12,Add a comment,64fd010bf8d15096,Books,0,Three
The Epidemic (The Program 0.6),14.44,12,Young Adult,f732d7d18a91d2ba,Books,0,Five
The Golden Condom: And Other Essays on Love Lost and Found,39.43,12,Psychology,235fa48eeed11d82,Books,0,One
The Gray Rhino: How to Recognize and Act on the Obvious Dangers We Ignore,59.15,12,Add a comment,3063c7e95d0bf76f,Books,0,Four
The Lonely City: Adventures in the Art of Being Alone,33.26,12,Nonfiction,582a21a1dbbef3cf,Books,0,Two
The Midnight Watch: A Novel of the Titanic and the Californian,26.20,12,Add a comment,14e44163678e24dc,Books,0,One
"Setting the World on Fire: The Brief, Astonishing Life of St. Catherine of Siena",21.15,11,Biography,b06599b108e83f98,Books,0,Two
Take Me Home Tonight (Rock Star Romance #3),53.98,11,Romance,cf62fa272b5f0fa3,Books,0,Three
The Improbability of Love,59.45,11,Fiction,437d8dea9272d0a9,Books,0,One
Off the Hook (Fishing for Trouble #1),47.67,11,Romance,b783ce08802cd1d1,Books,0,Three
Sleeping Giants (Themis Files #1),48.74,11,Science Fiction,f435aa99d864077d,Books,0,One
The Art of Startup Fundraising,21.00,11,Business,1c584f82a7a1c4f0,Books,0,Three
Playing with Fire,13.71,11,Mystery,05a61a3bd8ca4149,Books,0,Three
"The Sleep Revolution: Transforming Your Life, One Night at a Time",11.68,11,Nonfiction,985991708c47003e,Books,0,Four
The Widow,27.26,11,Mystery,6159d8b187831770,Books,0,Two
Dirty (Dive Bar #1),40.83,12,Romance,df7e628bad5782b4,Books,0,Four
Boar Island (Anna Pigeon #19),59.48,12,Mystery,49b24c6a41b82bd2,Books,0,Three
Troublemaker: Surviving Hollywood and Scientology,48.39,11,Default,515cb8fcafb1ad98,Books,0,Two
"A la Mode: 120 Recipes in 60 Pairings: Pies, Tarts, Cakes, Crisps, and More Topped with Ice Cream, Gelato, Frozen Custard, and More",38.77,12,Food and Drink,a4eef523118805ef,Books,0,One
A Paris Apartment,39.01,12,Historical Fiction,63343e287971bb0c,Books,0,Four
Can You Keep a Secret? (Fear Street Relaunch #4),48.64,12,Horror,d069086944f2e330,Books,0,One
Eleanor & Park,56.51,12,Default,6983328f15506cb9,Books,0,Five
Equal Is Unfair: America's Misguided Fight Against Income Inequality,56.86,12,Politics,3968e3fbf4695d7c,Books,0,One
Everyday Italian: 125 Simple and Delicious Recipes,20.10,12,Food and Drink,76319fe9d8b465a3,Books,0,Five
Furiously Happy: A Funny Book About Horrible Things,41.46,12,Nonfiction,c6a29d6df8de968c,Books,0,Four
Hide Away (Eve Duncan #20),11.84,12,Mystery,bddc6fd036eb6279,Books,0,One
11/22/63,48.48,11,Fiction,a9d7b75461084a26,Books,0,Three
Adultery,20.88,11,Default,bb967277222e689c,Books,0,Five
Arena,21.36,11,Science Fiction,2c34f9432069b52b,Books,0,Four
"10% Happier: How I Tamed the Voice in My Head, Reduced Stress Without Losing My Edge, and Found Self-Help That Actually Works",24.57,10,Nonfiction,34669b2e9d407d3a,Books,0,Two
A Gentleman's Position (Society of Gentlemen #3),14.75,11,Romance,40c4bf520c17de54,Books,0,Five
A Mother's Reckoning: Living in the Aftermath of Tragedy,19.53,11,Nonfiction,2b69dec0193511d9,Books,0,Three
10-Day Green Smoothie Cleanse: Lose Up to 15 Pounds in 10 Days!,49.71,10,Health,96aa539bfd4c07e2,Books,0,Five
Cravings: Recipes for What You Want to Eat,20.50,11,Food and Drink,2587c54f5530dafc,Books,0,Three
It Didn't Start with You: How Inherited Family Trauma Shapes Who We Are and How to End the Cycle,56.27,11,Psychology,ce8666d9b42fc9a0,Books,0,Three
Daredevils,16.34,11,Fiction,f608c903c451f387,Books,0,Three
"Exit, Pursued by a Bear",51.34,11,Young Adult,c65c25d990fc7025,Books,0,Four
Born for This: How to Find the Work You Were Meant to Do,21.59,11,Business,816180220e8cb419,Books,0,Five
Grey (Fifty Shades #4),48.49,11,Womens Fiction,b5953ca1f8a0b8d7,Books,0,Four
Keep Me Posted,20.46,11,Womens Fiction,20dc4f1ac5d4fd9c,Books,0,Four
Lab Girl,40.85,11,Autobiography,825d6c44da3ca5a6,Books,0,One
Lies and Other Acts of Love,45.14,11,Fiction,469508882dfc1991,Books,0,One
Lilac Girls,17.28,11,Historical Fiction,bade9943ee01b63f,Books,0,Two
Mothering Sunday,13.34,11,Fiction,47e1b2d43f709995,Books,0,Two
"Mother, Can You Not?",16.89,11,Nonfiction,28b2df9fadc9f07e,Books,0,Five
M Train,27.18,11,Autobiography,5569c3fea112718e,Books,0,One
Dress Your Family in Corduroy and Denim,43.68,9,Humor,7e9068872228c474,Books,0,Three
"Fruits Basket, Vol. 9 (Fruits Basket #9)",33.95,9,Sequential Art,97187f5cf0385da3,Books,0,Four
"NaNo What Now? Finding your editing process, revising your NaNoWriMo book and building a writing career through publishing and beyond",10.41,9,Default,ee6c67859d70186b,Books,0,Four
Modern Day Fables,47.44,9,Default,6baac632f7711e26,Books,0,Two
Nap-a-Roo,25.08,9,Childrens,913e7109cec0cb4c,Books,0,One
If I Gave You God's Phone Number....: Searching for Spirituality in America,20.91,9,Spirituality,8fab4c4f6f82a4ce,Books,0,One
Don't Forget Steven,33.23,9,Young Adult,e845d305f64154f1,Books,0,One
The Alien Club,54.40,9,Young Adult,e77594ece9b9d1fe,Books,0,One
The Art and Science of Low Carbohydrate Living,52.98,9,Health,f9c87ccb2bc4853b,Books,0,Five
The Book of Mormon,24.57,9,Religion,3f25a2fedae191cc,Books,0,Three
Suzie Snowflake: One beautiful flake (a self-esteem story),54.81,9,Novels,0e095ed785af7e43,Books,0,Five
"The Fabric of the Cosmos: Space, Time, and the Texture of Reality",55.91,9,Science,ca74f2e3c35a3e77,Books,0,One
The Flowers Lied,16.68,9,Default,33396269bcce166f,Books,0,Two
The New Brand You: Your New Image Makes the Sale for You,44.05,9,Default,4b50fb1359ebf35d,Books,0,Five
"The Moosewood Cookbook: Recipes from Moosewood Restaurant, Ithaca, New York",12.34,9,Food and Drink,65cfc9f242c2984a,Books,0,Four
The Shack,28.03,9,Fiction,903a9f8090104c2c,Books,0,One
Underlying Notes,11.82,9,Default,0967effecd292a86,Books,0,Two
Unlimited Intuition Now,58.87,9,Default,4fd0a2a350f016e6,Books,0,Four
Watchmen,58.05,9,Add a comment,d1848064c54e01c7,Books,0,Four
Without Shame,48.27,9,Add a comment,ab60e6f5a63e1cfb,Books,0,Five
Smarter Faster Better: The Secrets of Being Productive in Life and Business,38.89,8,Nonfiction,a2475a245c9907c4,Books,0,Five
South of Sunshine,28.93,8,Young Adult,331c26103d885cae,Books,0,One
The Grownup,35.88,8,Short Stories,1bba4b1ba23ed2d6,Books,0,One
The High Mountains of Portugal,51.15,8,Fiction,4f283dfcbeccc0d4,Books,0,One
The E-Myth Revisited: Why Most Small Businesses Don't Work and What to Do About It,36.91,8,Business,a2308a936e898d48,Books,0,One
Silence in the Dark (Logan Point #4),58.33,8,Suspense,e46a164cf310fd7d,Books,0,Three
Shadows of the Past (Logan Point #1),39.67,8,Christian Fiction,bee6e93e9976f4fa,Books,0,Five
"The Midnight Assassin: Panic, Scandal, and the Hunt for America's First Serial Killer",28.45,8,Nonfiction,5a0d2e9284004266,Books,0,Four
"Zero to One: Notes on Startups, or How to Build the Future",34.06,8,Nonfiction,e77033ce559947f7,Books,0,Three
Why Not Me?,17.76,8,Nonfiction,04f6c929888f4f11,Books,0,One
The Martian (The Martian #1),41.39,8,Default,9afd00e81d6208e6,Books,0,Two
When Breath Becomes Air,39.36,8,Nonfiction,b69c852e7e3956af,Books,0,Two
Vagabonding: An Uncommon Guide to the Art of Long-Term World Travel,36.94,8,Travel,1809259a5a5f1d8d,Books,0,Two
The New Drawing on the Right Side of the Brain,43.02,8,Art,3eec766dda26fa64,Books,0,Three
The Unlikely Pilgrimage of Harold Fry (Harold Fry #1),43.62,8,Default,e0bdd79c7304ee8d,Books,0,Five
23 Degrees South: A Tropical Tale of Changing Whether...,35.79,9,Add a comment,61cf7eb9d2cd8bb0,Books,0,Two
Art and Fear: Observations on the Perils (and Rewards) of Artmaking,48.63,9,Art,d6d9ffea95f2f8bf,Books,0,Four
A Shard of Ice (The Black Symphony Saga #1),56.63,9,Fantasy,63d5f1651880dcea,Books,0,Three
Chernobyl 01:23:40: The Incredible True Story of the World's Worst Nuclear Disaster,35.92,9,Nonfiction,7186241e043de5dc,Books,0,Two
A Hero's Curse (The Unseen Chronicles #1),50.49,9,Add a comment,c181ca8eabe7d18c,Books,0,Three
I Will Find You,44.21,8,Nonfiction,bbf1ea50be8008ab,Books,0,One
Hystopia: A Novel,21.96,8,Fiction,0bfdef63285d3019,Books,0,Four
Howl and Other Poems,40.45,8,Poetry,b7870fa6dc088fbb,Books,0,Two
I'll Give You the Sun,56.48,8,Default,0ab4b35dcffcffd1,Books,0,One
History of Beauty,10.29,8,Art,8a150fd8ff5d7686,Books,0,Four
John Vassos: Industrial Design for Modern Life,20.22,8,Default,bd26e8a79a856c31,Books,0,Four
Kierkegaard: A Christian Missionary to Christians,47.13,8,Philosophy,0cf57cb49272fd37,Books,0,One
Kill 'Em and Leave: Searching for James Brown and the American Soul,45.05,8,Music,39eefec3a8498dde,Books,0,Five
Left Behind (Left Behind #1),40.72,8,Default,29af1a2566c4e36e,Books,0,Two
Les Fleurs du Mal,29.04,8,Poetry,c44c5e1425475206,Books,0,Five
My Life Next Door (My Life Next Door ),36.39,8,Young Adult,9a7291b89bd5445c,Books,0,Five
Man's Search for Meaning,29.48,8,Nonfiction,4729afff3bea0f0a,Books,0,Three
"Love That Boy: What Two Presidents, Eight Road Trips, and My Son Taught Me About a Parent's Expectations",25.06,8,Nonfiction,4d3a4c7b442a9a4e,Books,0,Two
Living Forward: A Proven Plan to Stop Drifting and Get the Life You Want,12.55,8,Nonfiction,044534b0b28b4e87,Books,0,Three
Miller's Valley,58.54,8,Fiction,bff270fe9c86a5a9,Books,0,Two
Please Kill Me: The Uncensored Oral History of Punk,31.19,8,Music,4a823d80aa30dbb0,Books,0,Four
Out of Print: City Lights Spotlight No. 14,53.64,8,Poetry,c0fc0cd215ee1724,Books,0,Five
Proofs of God: Classical Arguments from Tertullian to Barth,54.21,8,Philosophy,d56d0710668bb39c,Books,0,One
Rising Strong,21.82,8,Nonfiction,52fc458ffc756faf,Books,0,Three
Roller Girl,14.10,8,Sequential Art,aeb51dfbe8aeec59,Books,0,Five
Toddlers Are A**holes: It's Not Your Fault,25.55,7,Humor,4242cc3d0437db12,Books,0,One
What Happened on Beale Street (Secrets of the South Mysteries #2),25.37,7,Mystery,9735c969c652dd89,Books,0,Five
Under the Tuscan Sun,37.33,7,Travel,a94350ee74deaa07,Books,0,Three
Wildlife of New York: A Five-Borough Coloring Book,22.14,7,Default,b46d022080543144,Books,0,Two
Unreasonable Hope: Finding Faith in the God Who Brings Purpose to Your Pain,46.33,7,Spirituality,48cb52d78c992487,Books,0,Two
The Year of Living Biblically: One Man's Humble Quest to Follow the Bible as Literally as Possible,34.72,7,Default,4a0b78598b42897a,Books,0,One
The Whale,35.96,7,Childrens,0ff9d10864db8364,Books,0,Four
You Are a Badass: How to Stop Doubting Your Greatness and Start Living an Awesome Life,12.08,7,Self Help,88ec621893e595d0,Books,0,Three
"""Most Blessed of the Patriarchs"": Thomas Jefferson and the Empire of the Imagination",44.48,8,History,f16c2edb2a603f92,Books,0,Five
Brilliant Beacons: A History of the American Lighthouse,11.45,8,History,7f5157bf53065d36,Books,0,Three
"A Murder Over a Girl: Justice, Gender, Junior High",13.20,8,Nonfiction,fef91502cbacf23a,Books,0,Three
Being Mortal: Medicine and What Matters in the End,55.06,8,Nonfiction,15ebd83e53d0391b,Books,0,Four
Between the World and Me,56.91,8,Nonfiction,04e3de7ac35ec5cd,Books,0,Four
Brazen: The Courage to Find the You That's Been Hiding,19.22,8,Nonfiction,77e9ea355bd8ae57,Books,0,Two
32 Yolks,53.63,8,Food and Drink,b1a227b7609ff263,Books,0,Two
Death by Leisure: A Cautionary Tale,37.51,8,Default,4dbd54d9e36c9566,Books,0,Four
Diary of a Citizen Scientist: Chasing Tiger Beetles and Other New Ways of Engaging the World,28.41,8,Science,0c11e2d068768dbb,Books,0,One
Ender's Game (The Ender Quintet #1),43.64,8,Default,e049d44c4f1cf1b2,Books,0,One
Heaven is for Real: A Little Boy's Astounding Story of His Trip to Heaven and Back,52.86,8,Default,d48c1369927ebef1,Books,0,Two
Future Shock (Future Shock #1),55.65,8,Young Adult,df6a7c43faa6732b,Books,0,Five
"Rich Dad, Poor Dad",51.74,7,Business,8486f61aa81a3daa,Books,0,One
Raymie Nightingale,34.41,7,Childrens,31c56c4d0fe19340,Books,0,Two
Steal Like an Artist: 10 Things Nobody Told You About Being Creative,20.90,7,Default,8776181be110838a,Books,0,Two
"Sit, Stay, Love",20.90,7,Romance,bd087cf6a846db75,Books,0,Three
Playing from the Heart,32.38,7,Childrens,68008abf6409dfde,Books,0,One
Sister Dear,40.20,7,Fiction,7ffebdd1d5148aef,Books,0,Four
"Shrunken Treasures: Literary Classics, Short, Sweet, and Silly",52.87,7,Childrens,9639e89d20228e6e,Books,0,Three
Team of Rivals: The Political Genius of Abraham Lincoln,20.12,7,Add a comment,ba047a636b7d3793,Books,0,Five
The Art Book,32.34,7,Art,4b8fa561a1e52d1c,Books,0,Two
The Bourne Identity (Jason Bourne #1),42.78,7,Fiction,d250657f0ebc5d73,Books,0,Four
The Constant Princess (The Tudor Court #1),16.62,7,Historical Fiction,24933c712f0bca2f,Books,0,Three
The Drowning Girls,35.67,7,Add a comment,7a10353c9c54cf7c,Books,0,Three
The Faith of Christopher Hitchens: The Restless Soul of the World's Most Notorious Atheist,39.55,7,Biography,57f85720e54d6442,Books,0,One
The 7 Habits of Highly Effective People: Powerful Lessons in Personal Change,33.17,7,Default,5fbd03b1ac0a0e69,Books,0,Four
The Bachelor Girl's Guide to Murder (Herringford and Watts Mysteries #1),52.30,7,Mystery,20789fb17b423c4c,Books,0,Five
The Glass Castle,16.24,7,Add a comment,47f4fd3e8e1dac05,Books,0,One
The Great Gatsby,36.05,7,Default,a8dbf1c6b41b885a,Books,0,Four
The Good Girl,49.03,7,Default,f935412970c9f58f,Books,0,Three
The Story of Art,41.14,7,Art,9147c5251cc99eb1,Books,0,Four
The Origin of Species,10.01,7,Science,0345872b14f9e774,Books,0,Four
Blue Like Jazz: Nonreligious Thoughts on Christian Spirituality,25.77,7,Christian,a322361a37a78d3d,Books,0,One
Counted With the Stars (Out from Egypt #1),17.97,7,Christian Fiction,4807043b8218e9ce,Books,0,Five
Delivering the Truth (Quaker Midwife Mystery #1),20.89,7,Mystery,4e980425468708da,Books,0,Four
For the Love: Fighting for Grace in a World of Impossible Standards,45.13,7,Nonfiction,2e40333991f56f45,Books,0,Three
"Chronicles, Vol. 1",52.60,7,Music,4781b6bfd6f7a2c5,Books,0,Two
Finding God in the Ruins: How God Redeems Pain,46.64,7,Nonfiction,4e78f06160b717ac,Books,0,Two
Every Heart a Doorway (Every Heart A Doorway #1),12.16,7,Fantasy,4fa75fc6829431ca,Books,0,Five
"Fruits Basket, Vol. 7 (Fruits Basket #7)",19.57,7,Sequential Art,de6d7645f192d517,Books,0,One
Good in Bed (Cannie Shapiro #1),37.05,7,Add a comment,c00bc29a678a6efb,Books,0,Five
Leave This Song Behind: Teen Poetry at Its Best,51.17,7,Poetry,b74ee891e2a6dd69,Books,0,Five
Life of Pi,13.22,7,Default,40cdcbb7692fd408,Books,0,Four
John Adams,57.43,7,Add a comment,68407606544d6f22,Books,0,Four
How to Be a Domestic Goddess: Baking and the Art of Comfort Cooking,28.25,7,Food and Drink,eff5710404e2ff78,Books,0,Two
How to Cook Everything Vegetarian: Simple Meatless Recipes for Great Food (How to Cook Everything),46.01,7,Food and Drink,2a9fcb3382d351c8,Books,0,Four
King's Folly (The Kinsman Chronicles #1),39.61,7,Fantasy,4c82371b8cd02d4d,Books,0,Five
Like Never Before (Walker Family #2),28.77,7,Christian Fiction,b6670507e85b30e6,Books,0,Two
Memoirs of a Geisha,49.67,7,Fiction,dac4b5847454fd9b,Books,0,Three
Meternity,43.58,7,Womens Fiction,725cd8d23d78cdca,Books,0,Three
Nightstruck: A Novel,50.35,7,Young Adult,746029796363aa51,Books,0,Four
"Naturally Lean: 125 Nourishing Gluten-Free, Plant-Based Recipes--All Under 300 Calories",11.38,7,Food and Drink,924438fc6cbec836,Books,0,Five
The Fellowship of the Ring (The Lord of the Rings #1),10.27,6,Default,cb17945cb90b7837,Books,0,Two
The Girl You Left Behind (The Girl You Left Behind #1),15.79,6,Historical,eb7459e0c570251d,Books,0,One
The God Delusion,46.85,6,Add a comment,2bc80eba94950873,Books,0,Three
The Great Railway Bazaar,30.54,6,Travel,48736df57e7bec9f,Books,0,One
The Collected Poems of W.B. Yeats (The Collected Works of W.B. Yeats #1),15.42,6,Poetry,3d250ab0f12be445,Books,0,Five
The Golden Compass (His Dark Materials #1),18.77,6,Add a comment,d33824cb93ecab6f,Books,0,One
The Hobbit (Middle-Earth Universe),17.80,6,Default,72b5355dda190b6a,Books,0,Five
The Invention of Wings,37.34,6,Historical Fiction,e6635f5b0a2c78db,Books,0,One
The Joy of Cooking,43.27,6,Add a comment,d326e189b1210916,Books,0,Four
The Makings of a Fatherless Child,31.58,6,Default,2efa5a839e62b1bd,Books,0,Two
The Man Who Mistook His Wife for a Hat and Other Clinical Tales,59.45,6,Nonfiction,60376aa71be66083,Books,0,Four
The Perks of Being a Wallflower,55.02,6,Default,fd364afd082f5446,Books,0,Three
The Rise and Fall of the Third Reich: A History of Nazi Germany,39.67,6,History,774fa432bd7d9c47,Books,0,Two
The Mysterious Affair at Styles (Hercule Poirot #1),24.80,6,Mystery,2da5edf8b5776c9a,Books,0,Four
A Gathering of Shadows (Shades of Magic #2),44.81,7,Fantasy,d1378a0ad06ff979,Books,0,Four
The Sound Of Love,57.84,6,Default,5ba3d703d1ae0c1d,Books,0,Five
A Summer In Europe,44.34,7,Travel,cc1936a9f4e93477,Books,0,Two
"At The Existentialist Café: Freedom, Being, and apricot cocktails with: Jean-Paul Sartre, Simone de Beauvoir, Albert Camus, Martin Heidegger, Edmund Husserl, Karl Jaspers, Maurice Merleau-Ponty and others",29.93,7,Philosophy,6b52904b2ab91bf6,Books,0,Five
Benjamin Franklin: An American Life,48.19,7,Biography,5b546a46a86a9d8c,Books,0,Three
A Short History of Nearly Everything,52.40,7,History,6c7fa6844380f50a,Books,0,Five
Catherine the Great: Portrait of a Woman,58.55,6,History,f3c70d296ec796c4,Books,0,Four
"Fruits Basket, Vol. 6 (Fruits Basket #6)",20.96,6,Sequential Art,97258f576d4bb672,Books,0,Four
"Death Note, Vol. 6: Give-and-Take (Death Note #6)",36.39,6,Sequential Art,6e06d0f00f6da20f,Books,0,Three
An Unquiet Mind: A Memoir of Moods and Madness,21.30,6,Psychology,46cb43c2ab133ccc,Books,0,Three
Deception Point,40.32,6,Fiction,4e3b183180e2a992,Books,0,Four
Better Homes and Gardens New Cook Book,39.61,6,Food and Drink,faf841f81c52638b,Books,0,Three
A Year in Provence (Provence #1),56.88,6,Travel,9e60929f521fa280,Books,0,Four
Fun Home: A Family Tragicomic,56.59,6,Add a comment,56a34d0cec11d6b0,Books,0,Four
Give It Back,18.32,6,Thriller,012170e4fc87ace0,Books,0,Two
"Girl, Interrupted",42.14,6,Nonfiction,384c7d41d5ffe9d1,Books,0,Three
In the Woods (Dublin Murder Squad #1),38.38,6,Mystery,6958de044cb28a84,Books,0,Two
Me Before You (Me Before You #1),19.02,6,Fiction,7a2b51f69e81c722,Books,0,One
How to Stop Worrying and Start Living,46.49,6,Self Help,e792c0969cefe1b8,Books,0,Five
Mere Christianity,48.51,6,Add a comment,f38f37ed934d84b2,Books,0,Three
In Cold Blood,49.98,6,Nonfiction,fe0f34ebed689381,Books,0,Four
Musicophilia: Tales of Music and the Brain,46.58,6,Default,6d235933670503d9,Books,0,One
Pride and Prejudice,19.27,6,Add a comment,720c36b2bee4692e,Books,0,Four
Ship Leaves Harbor: Essays on Travel by a Recovering Journeyman,30.60,6,Default,8d8e9f9b8730eb25,Books,0,Three
The Barefoot Contessa Cookbook,59.92,6,Food and Drink,6478ccb4416e6a5d,Books,0,Five
Tell the Wolves I'm Home,50.96,6,Young Adult,2a1b3d967cda1da2,Books,0,Two
The Grand Design,13.76,5,Science,3213b1f13f5f0f7c,Books,0,Three
The Hiding Place,55.91,5,History,c4589ee5977a47be,Books,0,Four
The Expatriates,44.58,5,Fiction,fe7210553d56c097,Books,0,Two
The Fault in Our Stars,47.22,5,Default,3661360c99719414,Books,0,One
The Firm,45.56,5,Fiction,ad84f18659e6bfe2,Books,0,Three
The False Prince (The Ascendance Trilogy #1),56.00,5,Fantasy,a2a9f76339d21ab1,Books,0,Five
The Little Paris Bookshop,24.73,5,Fiction,dfd9ff1f343cdaff,Books,0,Three
The Mathews Men: Seven Brothers and the War Against Hitler's U-boats,42.91,5,History,0d210d2448c3018f,Books,0,Five
The Raven King (The Raven Cycle #4),30.57,5,Add a comment,2e4fc5eacceec12c,Books,0,Two
The Secret Garden,15.08,5,Classics,abbb492978ff656d,Books,0,Four
The Raven Boys (The Raven Cycle #1),57.74,5,Fantasy,e0b3a679b83caccc,Books,0,Four
The Power Greens Cookbook: 140 Delicious Superfood Recipes,11.05,5,Food and Drink,f701fae56b645ef7,Books,0,Five
This Is Your Brain on Music: The Science of a Human Obsession,38.40,5,Music,bc209a900101f28d,Books,0,One
Two Summers,14.64,5,Young Adult,3a7d54a264d9f33e,Books,0,One
The Metamorphosis,28.58,5,Classics,93379e3a2072a01b,Books,0,One
What If?: Serious Scientific Answers to Absurd Hypothetical Questions,53.68,5,Default,163d89116179c33f,Books,0,Four
Where She Went (If I Stay #2),41.73,5,Young Adult,60369d96b7b80869,Books,0,Four
Why Save the Bankers?: And Other Essays on Our Economic and Political Crisis,48.67,5,Nonfiction,759ee7d059b1beb8,Books,0,Two
World Without End (The Pillars of the Earth #2),32.97,5,Historical Fiction,2e5b4ff08a75fd02,Books,0,Four
"Will Grayson, Will Grayson (Will Grayson, Will Grayson)",47.31,5,Young Adult,e75f3ae1da1cc652,Books,0,Four
Logan Kade (Fallen Crest High #5.5),13.12,5,Academic,7093cf549cd2e7de,Books,0,Two
Killing Floor (Jack Reacher #1),31.49,5,Thriller,8dde2ff3f6fcc0a3,Books,0,Four
Maybe Something Beautiful: How Art Transformed a Neighborhood,22.54,5,Childrens,81c68492ccd72941,Books,0,One
Last One Home (New Beginnings #1),59.98,5,Fiction,07e6810fd3236bda,Books,0,Three
Lola and the Boy Next Door (Anna and the French Kiss #2),23.63,5,Young Adult,5e1a88d248599768,Books,0,Four
Mexican Today: New and Rediscovered Recipes for Contemporary Kitchens,24.91,5,Food and Drink,12a90b90283b2e6d,Books,0,Five
Kill the Boy Band,15.52,5,Young Adult,44f545727e704187,Books,0,Five
Remember Me?,11.48,5,Default,2973d38c2fbd7a5c,Books,0,Three
Peak: Secrets from the New Science of Expertise,16.28,5,Science,6036239d2ab349b7,Books,0,Two
Red Dragon (Hannibal Lecter #1),23.37,5,Horror,e958ae92f328c181,Books,0,Three
Talking to Girls About Duran Duran: One Young Man's Quest for True Love and a Cooler Haircut,25.15,5,Nonfiction,1dba84766a5e87b8,Books,0,Four
My Mother Was Nuts,31.63,5,Nonfiction,a4ce39a3720cd679,Books,0,Four
Siddhartha,34.22,5,Fiction,84bb29c53592ac40,Books,0,Five
Shiver (The Wolves of Mercy Falls #1),16.23,5,Default,59a8ae019b64f2a7,Books,0,Five
Tell Me Three Things,41.81,5,Young Adult,50d5a7b861ed1c54,Books,0,One
The Dream Thieves (The Raven Cycle #2),34.50,5,Default,fec06f52054ea900,Books,0,One
Tell the Wind and Fire,45.51,5,Fantasy,84126312e2431a09,Books,0,Three
The 5th Wave (The 5th Wave #1),11.83,5,Default,b716233fcb6877e6,Books,0,Two
The Crossover,38.77,5,Poetry,b228042c088b1913,Books,0,Four
The Darkest Corners,11.33,5,Young Adult,c4182bdb53e2459a,Books,0,Five
Approval Junkie: Adventures in Caring Too Much,58.81,5,Autobiography,612369a5947a012e,Books,0,Five
"Blue Lily, Lily Blue (The Raven Cycle #3)",34.13,5,Default,ad5e078beceaeb4a,Books,0,Five
Booked,17.49,5,Poetry,b54d7416bb445989,Books,0,Five
Critique of Pure Reason,20.75,5,Philosophy,429b4a811bef386c,Books,0,One
An Abundance of Katherines,10.00,5,Young Adult,f36d24c309e87e5b,Books,0,Five
America's War for the Greater Middle East: A Military History,51.22,5,History,add33db6ff80db24,Books,0,Two
"Data, A Love Story: How I Gamed Online Dating to Meet My Match",32.35,5,Nonfiction,bcf567421c581f0a,Books,0,Three
Digital Fortress,58.00,5,Fiction,94bb629a3f6dd00b,Books,0,Five
Evicted: Poverty and Profit in the American City,42.27,5,Add a comment,75cc85cdbe9ad46b,Books,0,One
"Death Note, Vol. 5: Whiteout (Death Note #5)",52.41,5,Sequential Art,1c0a38899c82b60a,Books,0,One
Dracula the Un-Dead,35.63,5,Horror,e46b1074b99ac4b6,Books,0,Five
Fool Me Once,16.96,5,Default,630e766f0a1987dd,Books,0,One
Drama,38.70,5,Default,d5ad4c92d8bf26c9,Books,0,Two
Foundation (Foundation (Publication Order) #1),32.42,5,Science Fiction,3fc124f59f3068e4,Books,0,One
Find Her (Detective D.D. Warren #8),22.37,5,Add a comment,b28c7d07afa7063b,Books,0,One
"Fruits Basket, Vol. 5 (Fruits Basket #5)",16.33,5,Sequential Art,3fd83dcf37bf1bc0,Books,0,One
I Know Why the Caged Bird Sings (Maya Angelou's Autobiography #1),36.55,5,Default,d219d4e325e6f204,Books,0,Two
Isla and the Happily Ever After (Anna and the French Kiss #3),48.13,5,Young Adult,45045146dbf7b009,Books,0,Five
If I Stay (If I Stay #1),38.13,5,Default,7284d85428305f5a,Books,0,Five
Harry Potter and the Deathly Hallows (Harry Potter #7),23.32,5,Default,6c49258724f11770,Books,0,One
"The Demon Prince of Momochi House, Vol. 4 (The Demon Prince of Momochi House #4)",27.88,4,Sequential Art,df53c2948b32bde3,Books,0,Two
The Bone Hunters (Lexy Vaughan & Steven Macaulay #2),59.71,4,Thriller,9c4d061c1e2fe6bf,Books,0,Three
The Gunning of America: Business and the Making of American Gun Culture,16.81,4,Nonfiction,45033bdf3d9ed158,Books,0,Four
The Geography of Bliss: One Grump's Search for the Happiest Places in the World,28.23,4,Nonfiction,c65ee14957c0fa5c,Books,0,Two
The Demonists (Demonist #1),52.11,4,Fantasy,ff2dffba388d9922,Books,0,Two
Some Women,13.73,4,Womens Fiction,31f5bbf4974d29c9,Books,0,Five
The Beast (Black Dagger Brotherhood #14),46.08,4,Fantasy,8930013d06942df1,Books,0,Five
The Hound of the Baskervilles (Sherlock Holmes #5),14.82,4,Classics,6587f46697fc4443,Books,0,Two
The Hunger Games (The Hunger Games #1),29.85,4,Default,6d2f70d9424f41a1,Books,0,Five
The Jazz of Physics: The Secret Link Between Music and the Structure of the Universe,38.71,4,Nonfiction,6a57286a8890d8c5,Books,0,Three
Vogue Colors A to Z: A Fashion Coloring Book,52.35,4,Default,a8f4577a48023344,Books,0,Four
The Perfect Play (Play by Play #1),59.99,4,Romance,9cc207168a03470d,Books,0,Three
The Passion of Dolssa,28.32,4,Historical Fiction,011674f4a3834b8d,Books,0,Five
The Pilgrim's Progress,50.26,4,Classics,6053ddf69c967d5f,Books,0,Two
The Shining (The Shining #1),27.88,4,Default,d4de23aa98acc65b,Books,0,Three
A Clash of Kings (A Song of Ice and Fire #2),10.79,5,Add a comment,89a89e76f3516357,Books,0,Three
A Game of Thrones (A Song of Ice and Fire #1),46.42,5,Add a comment,03cbb67c0f990d87,Books,0,Two
Alight (The Generations Trilogy #2),58.59,5,Default,d9290e99f189ce84,Books,0,Four
A Feast for Crows (A Song of Ice and Fire #4),17.21,5,Fantasy,f2c8f4b4c94d5c5c,Books,0,Four
A Girl's Guide to Moving On (New Beginnings #2),31.30,5,Romance,cf3b86489890b9f2,Books,0,One
Harry Potter and the Half-Blood Prince (Harry Potter #6),48.75,4,Fantasy,73f4f87dd936ee5c,Books,0,Five
"Fruits Basket, Vol. 4 (Fruits Basket #4)",50.44,4,Sequential Art,8fff1084aa085a13,Books,0,Four
Girl With a Pearl Earring,26.77,4,Historical Fiction,5eff05e59f905a49,Books,0,One
God Is Not Great: How Religion Poisons Everything,27.80,4,Nonfiction,ddbc5530d2939d49,Books,0,One
Harry Potter and the Chamber of Secrets (Harry Potter #2),14.74,4,Fantasy,c7c4f55b7321cba7,Books,0,One
Harry Potter and the Order of the Phoenix (Harry Potter #5),31.63,4,Fantasy,5a6b7155f2797537,Books,0,Four
Gone with the Wind,32.49,4,Classics,23310ce84d3c9f85,Books,0,Three
Harry Potter and the Prisoner of Azkaban (Harry Potter #3),24.17,4,Young Adult,eff24325e0ede639,Books,0,Four
Harry Potter and the Sorcerer's Stone (Harry Potter #1),13.90,4,Default,ac337893a9fe0085,Books,0,Three
It,25.01,4,Horror,670a2773607d785d,Books,0,Three
Misery,34.79,4,Horror,81d4191030b9704b,Books,0,Two
Night Shift (Night Shift #1-20),12.75,4,Horror,869d20b3b8128230,Books,0,Four
Mockingjay (The Hunger Games #3),20.44,4,Default,5212c6acea3359e5,Books,0,Four
Little Women (Little Women #1),28.07,4,Classics,deda806b68b0aa11,Books,0,Four
Needful Things,47.51,4,Horror,70b585c9d0f15725,Books,0,Four
Paper and Fire (The Great Library #2),49.45,4,Fantasy,ae884ac655d6ee3e,Books,0,Five
Outlander (Outlander #1),19.67,4,Default,5de4baa88061a77a,Books,0,Five
"Orchestra of Exiles: The Story of Bronislaw Huberman, the Israel Philharmonic, and the One Thousand Jews He Saved from Nazi Horrors",12.36,4,Music,2ba5ccc84d35006c,Books,0,Three
Shopaholic Ties the Knot (Shopaholic #3),48.39,4,Womens Fiction,38199c5d7da0c0ef,Books,0,Five
No One Here Gets Out Alive,20.02,4,Music,3a95f5a2df4ff921,Books,0,Five
When You Are Engulfed in Flames,30.89,3,Humor,dab0196cd5fc8e5e,Books,0,Five
"Where'd You Go, Bernadette",18.13,3,Default,07bb35158d9dd3d2,Books,0,One
Wuthering Heights,17.73,3,Classics,5a7ff9aaa3168878,Books,0,Three
We Are All Completely Beside Ourselves,24.04,3,Contemporary,be3db344a845580b,Books,0,One
We the People: The Modern-Day Figures Who Have Reshaped and Affirmed the Founding Fathers' Vision of America,31.95,3,Nonfiction,06bab964fd536971,Books,0,Three
World War Z: An Oral History of the Zombie War,21.80,3,Default,5d55202da0252627,Books,0,One
Wild: From Lost to Found on the Pacific Crest Trail,46.02,3,Default,d30b9215c72cca87,Books,0,Three
Zero History (Blue Ant #3),34.77,3,Default,634b7165c96ebb9f,Books,0,One
'Salem's Lot,49.56,4,Horror,6e9403f00acd6752,Books,0,Four
Animal Farm,57.22,4,Classics,1451b55e5e56bb89,Books,0,Three
A Walk to Remember,56.43,4,Romance,aead11697d14ea36,Books,0,One
"A History of God: The 4,000-Year Quest of Judaism, Christianity, and Islam",27.62,4,Religion,d12ca4020c2f602e,Books,0,One
A New Earth: Awakening to Your Life's Purpose,55.65,4,Spirituality,f6ae39568db1130e,Books,0,Five
Can You Keep a Secret?,21.94,4,Womens Fiction,0812f54c93d726ce,Books,0,One
Atlas Shrugged,26.58,4,Fiction,78a4ac98191ac675,Books,0,Five
Candide,58.63,4,Classics,2798974abc8a58a8,Books,0,Three
Confessions of a Shopaholic (Shopaholic #1),48.94,4,Default,a2dc754afb69bb32,Books,0,Two
Far From True (Promise Falls Trilogy #2),34.93,4,Thriller,ad15a9a139919918,Books,0,Two
Changing the Game (Play by Play #2),13.38,4,Romance,aaebac5fda798b1b,Books,0,Three
Dark Lover (Black Dagger Brotherhood #1),12.87,4,Romance,2b69d289279aabfd,Books,0,One
The Travelers,15.77,3,Thriller,2b685187f55c5d31,Books,0,One
The Undomestic Goddess,45.75,3,Womens Fiction,813cff2aefa5d1f0,Books,0,Four
The Smitten Kitchen Cookbook,23.59,3,Food and Drink,742702d662a71410,Books,0,One
The Stand,57.86,3,Horror,49f24193f0b961e6,Books,0,Two
The Thing About Jellyfish,48.77,3,Childrens,3d15714d4d3d15dd,Books,0,One
The Tipping Point: How Little Things Can Make a Big Difference,10.02,3,Add a comment,224fa77d4b248046,Books,0,Two
"The Wicked + The Divine, Vol. 3: Commercial Suicide (The Wicked + The Divine)",14.41,3,Sequential Art,a33ed2e6068df53e,Books,0,Three
The Wild Robot,56.07,3,Childrens,75fed6a47f69859d,Books,0,Three
Twenties Girl,42.80,3,Womens Fiction,8ebad30219b8679c,Books,0,Two
Twilight (Twilight #1),41.93,3,Default,b53078de0147f6bf,Books,0,Two
"Thinking, Fast and Slow",21.14,3,Psychology,719d72f3ee512dc6,Books,0,One
Three-Martini Lunch,23.21,3,Fiction,57f755143ee96fd4,Books,0,Three
Under the Banner of Heaven: A Story of Violent Faith,30.00,3,Nonfiction,599a4f98bb193368,Books,0,One
Two Boys Kissing,32.74,3,Young Adult,61bc8167c9680283,Books,0,Two
"Trespassing Across America: One Man's Epic, Never-Done-Before (and Sort of Illegal) Hike Across the Heartland",53.51,3,Nonfiction,2173a2ce35f6ace1,Books,0,One
"Unstuffed: Decluttering Your Home, Mind, and Soul",58.09,3,Nonfiction,b830685072fa871f,Books,0,One
Vegan Vegetarian Omnivore: Dinner for Everyone at the Table,13.66,3,Food and Drink,4672d10b9b1e7a05,Books,0,Two
Voyager (Outlander #3),21.07,3,Historical Fiction,7feac4000cbc5859,Books,0,Five
Very Good Lives: The Fringe Benefits of Failure and the Importance of Imagination,50.66,3,Nonfiction,52aa3d79b1cee455,Books,0,Three
Walk the Edge (Thunder Road #2),32.36,3,Young Adult,0e4e2d31c2fb3aad,Books,0,Three
The Lover's Dictionary,58.09,3,Default,36c15687f5ab0f7c,Books,0,Two
The Name of God is Mercy,37.25,3,Nonfiction,0baf71623648413a,Books,0,Two
The New Guy (and Other Senior Year Distractions),44.92,3,Young Adult,3e42ac0f4d43320f,Books,0,Three
The Maze Runner (The Maze Runner #1),20.93,3,Default,4266f48a0aa1c37d,Books,0,One
The Nightingale,26.26,3,Fiction,29d6d87f3418638b,Books,0,Four
The Nanny Diaries (Nanny #1),52.53,3,Womens Fiction,6263c1d2997b8ce0,Books,0,Five
The Lonely Ones,43.59,3,Childrens,cf2f27fdf94ba20e,Books,0,Five
The Obsession,45.43,3,Romance,ee441c8e027caa66,Books,0,One
The Picture of Dorian Gray,29.70,3,Classics,b9f6305a3d650e2c,Books,0,Two
The Purpose Driven Life: What on Earth Am I Here for?,37.19,3,Add a comment,0e7beedf0ee9380c,Books,0,Three
The Red Tent,35.66,3,Historical Fiction,3c456328b04a8ee8,Books,0,Five
The Purest Hook (Second Circle Tattoos #3),12.25,3,Romance,969f6c7e86554814,Books,0,One
The Rest Is Noise: Listening to the Twentieth Century,34.77,3,Add a comment,e2d47e82c50d41d9,Books,0,One
The Restaurant at the End of the Universe (Hitchhiker's Guide to the Galaxy #2),10.92,3,Science Fiction,0e92ccf1bd39e68f,Books,0,One
The Paris Wife,36.80,3,Default,fa26798728f5208f,Books,0,Three
The Rise of Theodore Roosevelt (Theodore Roosevelt #1),42.57,3,Biography,1a5044d233936b1a,Books,0,Three
The Road to Little Dribbling: Adventures of an American in Britain (Notes From a Small Island #2),23.21,3,Travel,366a236aa1ea6f07,Books,0,One
The Rose & the Dagger (The Wrath and the Dawn #2),58.64,3,Fantasy,322a9e34d87f54b1,Books,0,Four
"The Sandman, Vol. 3: Dream Country (The Sandman (volumes) #3)",55.55,3,Sequential Art,91eb9605998a7c03,Books,0,Five
The Silkworm (Cormoran Strike #2),23.05,3,Mystery,f06039c29b5891fa,Books,0,Five
"The Elegant Universe: Superstrings, Hidden Dimensions, and the Quest for the Ultimate Theory",13.03,3,Science,c6bf14cb901c63ac,Books,0,Four
The Demon-Haunted World: Science as a Candle in the Dark,52.25,3,Default,f51062bf579507d9,Books,0,Four
"The End of Faith: Religion, Terror, and the Future of Reason",22.13,3,Add a comment,b3f2bc2cefb35f05,Books,0,Four
The Day the Crayons Came Home (Crayons),26.33,3,Childrens,b22362b434e8ee62,Books,0,Five
The Exiled,43.45,3,Mystery,dd003e904727281a,Books,0,Three
The Devil Wears Prada (The Devil Wears Prada #1),44.29,3,Womens Fiction,a6ab0cb7106a67f2,Books,0,One
"The Disappearing Spoon: And Other True Tales of Madness, Love, and the History of the World from the Periodic Table of the Elements",57.35,3,Science,63c0826ef59eae66,Books,0,Five
The Girl Who Kicked the Hornet's Nest (Millennium Trilogy #3),57.48,3,Add a comment,8f5d16a5a9bd58b2,Books,0,One
The Girl with All the Gifts,49.47,3,Horror,92dcc54a27107a37,Books,0,Three
The Hitchhiker's Guide to the Galaxy (Hitchhiker's Guide to the Galaxy #1),47.80,3,Add a comment,a8b0ea6490bc818f,Books,0,Three
The Guernsey Literary and Potato Peel Pie Society,49.53,3,Historical Fiction,4a0a276409968a73,Books,0,One
The Girl Who Played with Fire (Millennium Trilogy #2),22.14,3,Default,bfa9cb304075d3e8,Books,0,Two
The Goldfinch,43.58,3,Default,c88422d8959260ab,Books,0,Three
The Guns of August,14.54,3,History,b5da59dd177eb36b,Books,0,Two
The Giver (The Giver Quartet #1),12.30,3,Default,e2dac1f4739e0bd5,Books,0,One
The Husband's Secret,52.51,3,Fiction,ff6bb30dd0c482a6,Books,0,Five
The Infinities,27.41,3,Fiction,554e9e2d532b3a87,Books,0,One
"The Land of 10,000 Madonnas",29.64,3,Young Adult,35e69a79d2b1e804,Books,0,Four
The Last Painting of Sara de Vos,55.55,3,Historical Fiction,476c7972e9b41891,Books,0,Two
The Lean Startup: How Today's Entrepreneurs Use Continuous Innovation to Create Radically Successful Businesses,33.92,3,Business,70c7c3ca7f9b2728,Books,0,Three
Spilled Milk: Based on a True Story,49.51,3,Nonfiction,f08667e4c0458f37,Books,0,One
Shopaholic & Baby (Shopaholic #5),46.45,3,Default,c57d3c96af23c297,Books,0,Two
Something Blue (Darcy & Rachel #2),54.62,3,Womens Fiction,3fc9d51d1c4d6ba7,Books,0,One
Something Borrowed (Darcy & Rachel #1),48.96,3,Womens Fiction,ac27ab4bcd9c492e,Books,0,Five
"Surely You're Joking, Mr. Feynman!: Adventures of a Curious Character",25.83,3,Science,61002f3b7ba5d780,Books,0,Two
Stiff: The Curious Lives of Human Cadavers,36.74,3,Nonfiction,a11ae5f07572ef49,Books,0,Three
Soldier (Talon #3),24.72,3,Fantasy,feaaae90514eb2ac,Books,0,Two
The Art of Fielding,22.10,3,Fiction,2858ac90c4758e1f,Books,0,One
The Blind Side: Evolution of a Game,53.71,3,Add a comment,cd3dcd83bb002e78,Books,0,Five
The Autobiography of Malcolm X,23.43,3,Default,b04a6a0db525857d,Books,0,Two
The Case for Christ (Cases for Christianity),47.84,3,Add a comment,970bd3316219e7dc,Books,0,One
The Book Thief,53.49,3,Default,a75e274c8814b539,Books,0,Two
The Book of Basketball: The NBA According to The Sports Guy,44.84,3,Sports and Games,08decd9664e5d56e,Books,0,Five
"The Art of Simple Food: Notes, Lessons, and Recipes from a Delicious Revolution",34.32,3,Food and Drink,311634df10651e05,Books,0,Three
The Cat in the Hat (Beginner Books B-1),16.26,3,Childrens,b7f475238ed50429,Books,0,Two
The Catcher in the Rye,24.55,3,Add a comment,487449f4f6322f0f,Books,0,One
The Complete Poems,41.32,3,Add a comment,23707d3ddf14a999,Books,0,Five
The Complete Stories and Poems (The Works of Edgar Allan Poe [Cameo Edition]),26.78,3,Classics,cad70d6ffd53912f,Books,0,Four
The Cuckoo's Calling (Cormoran Strike #1),19.21,3,Mystery,1be6d3b121865edb,Books,0,One
The Da Vinci Code (Robert Langdon #2),22.96,3,Fiction,dabf11918b48b40c,Books,0,Two
One for the Money (Stephanie Plum #1),32.87,3,Default,3250650a5c4e6f07,Books,0,Two
Original Fake,31.45,3,Sequential Art,c59283b05905c853,Books,0,Three
Persepolis: The Story of a Childhood (Persepolis #1-2),39.13,3,Sequential Art,cb62418129b864a3,Books,0,One
Outliers: The Story of Success,14.16,3,Nonfiction,09a7b0b566ad6225,Books,0,One
Packing for Mars: The Curious Science of Life in the Void,56.68,3,Default,8e2dfd6bcf48e1e6,Books,0,Two
Orange Is the New Black,24.61,3,Default,8378c899988905ee,Books,0,Two
Prodigy: The Graphic Novel (Legend: The Graphic Novel #2),43.63,3,Sequential Art,9707989a439757b4,Books,0,Three
Quiet: The Power of Introverts in a World That Can't Stop Talking,43.55,3,Default,3c565df219ba3274,Books,0,One
Ready Player One,19.07,3,Science Fiction,2ef5dc7e278e562a,Books,0,Four
Red: The True Story of Red Riding Hood,28.54,3,Childrens,4c8ece50736f9e88,Books,0,Three
Rogue Lawyer (Rogue Lawyer #1),50.11,3,Add a comment,b4f5672f68ec3a83,Books,0,Three
Running with Scissors,12.91,3,Autobiography,28921443f052bea6,Books,0,Four
Reservations for Two,11.10,3,Romance,ecdf73ee66c33b17,Books,0,Three
Rework,44.88,3,Business,8e9dd8431170c09e,Books,0,Two
"Rise of the Rocket Girls: The Women Who Propelled Us, from Missiles to the Moon to Mars",41.67,3,Nonfiction,89cad3f37c9ce226,Books,0,Four
"Saga, Volume 3 (Saga (Collected Editions) #3)",21.57,3,Sequential Art,7b870bf85d01c2dc,Books,0,Five
Sarah's Key,46.29,3,Add a comment,5b2cd5b31a510848,Books,0,One
Scarlet (The Lunar Chronicles #2),14.57,3,Young Adult,510832818edb6fbc,Books,0,Four
Seven Brief Lessons on Physics,30.60,3,Science,281a244ce1954711,Books,0,Four
Seven Days in the Art World,52.33,3,Add a comment,07806456878931bc,Books,0,Two
"Lean In: Women, Work, and the Will to Lead",25.02,3,Default,d5e1a9bfe22bbf9f,Books,0,One
Legend (Legend #1),43.69,3,Young Adult,0ce8075fab4a2b5b,Books,0,Four
"Lamb: The Gospel According to Biff, Christ's Childhood Pal",55.50,3,Humor,190fbebbf798c31a,Books,0,Five
Letter to a Christian Nation,22.20,3,Nonfiction,1de75f05d57bfc10,Books,0,One
Lady Renegades (Rebel Belle #3),53.04,3,Young Adult,16e843e6b853cc2f,Books,0,Five
Life After Life,26.13,3,Default,4ec53ff7e2263f32,Books,0,Two
Let's Pretend This Never Happened: A Mostly True Memoir,45.11,3,Nonfiction,1246e4ffeb5ac4ea,Books,0,One
Life Without a Recipe,59.04,3,Autobiography,c53d9fefcda371e9,Books,0,Five
"Life, the Universe and Everything (Hitchhiker's Guide to the Galaxy #3)",33.26,3,Science Fiction,4b3f4f151c99f472,Books,0,Two
Lila (Gilead #3),12.47,3,Fiction,4ef75307fb64e2ad,Books,0,Three
Manuscript Found in Accra,34.98,3,Add a comment,546da23278482b0a,Books,0,Two
Lust & Wonder,11.87,3,Autobiography,0dcadb06206abd3c,Books,0,Two
"Miracles from Heaven: A Little Girl, Her Journey to Heaven, and Her Amazing Story of Healing",57.83,3,Nonfiction,7980fa06f2b704d8,Books,0,One
Midnight Riot (Peter Grant/ Rivers of London - books #1),55.46,3,Fantasy,e9056f9b5a40a301,Books,0,Two
Me Talk Pretty One Day,57.60,3,Autobiography,abc4a7ee16c21088,Books,0,Two
Naked,31.69,3,Humor,54aeeb4610d3ae08,Books,0,Three
Morning Star (Red Rising #3),29.40,3,Default,7ce5a92baabb6bc0,Books,0,One
Neither Here nor There: Travels in Europe,38.95,3,Travel,747cf7fca2ccdbd4,Books,0,Three
Night (The Night Trilogy #1),13.51,3,Nonfiction,c4d9fce9eff3b8ba,Books,0,One
Notes from a Small Island (Notes From a Small Island #1),40.17,3,Nonfiction,cb65e49993db9a93,Books,0,One
Gratitude,26.66,3,Nonfiction,c300cc9326592b65,Books,0,Five
Gone Girl,37.60,3,Default,d5c588b6f9c015e4,Books,0,Five
Heir to the Sky,44.07,3,Fantasy,b003f8bb02f76dc5,Books,0,Four
Green Eggs and Ham (Beginner Books B-16),10.79,3,Childrens,621e2c310cec8d32,Books,0,Four
Holidays on Ice,51.07,3,Humor,0cb4856be3694a57,Books,0,Two
Golden (Heart of Dread #3),42.21,3,Young Adult,984b3b6e7479b571,Books,0,Four
"Grayson, Vol 3: Nemesis (Grayson #3)",42.72,3,Sequential Art,4f6985aca357ae09,Books,0,One
House of Leaves,54.89,3,Horror,557c03c284be1bf2,Books,0,One
Hungry Girl Clean & Hungry: Easy All-Natural Recipes for Healthy Eating in the Real World,33.14,3,Food and Drink,6c4d17a46cac8787,Books,0,Three
"House of Lost Worlds: Dinosaurs, Dynasties, and the Story of Life on Earth",43.70,3,History,1812b8f5641287e3,Books,0,Two
Horrible Bear!,37.52,3,Childrens,cc1ac978a6835ef6,Books,0,Two
I Am Malala: The Girl Who Stood Up for Education and Was Shot by the Taliban,28.88,3,Nonfiction,8010c7c148057fd3,Books,0,Two
I've Got Your Number,19.69,3,Womens Fiction,6b32b561dab8036c,Books,0,One
If I Run (If I Run #1),49.97,3,Christian Fiction,61569d12d4ae7161,Books,0,Four
"In the Garden of Beasts: Love, Terror, and an American Family in Hitler's Berlin",28.85,3,Nonfiction,d8292cd5f1aca291,Books,0,Three
Inferno (Robert Langdon #4),41.00,3,Fiction,6c4646d90b60a56c,Books,0,Five
Into the Wild,56.70,3,Nonfiction,a7c3f1010d64799a,Books,0,Five
Is Everyone Hanging Out Without Me? (And Other Concerns),20.11,3,Default,034829ffdd0a0aea,Books,0,Three
It's Never Too Late to Begin Again: Discovering Creativity and Meaning at Midlife and Beyond,42.38,3,Nonfiction,d4a29356fc992879,Books,0,One
Jurassic Park (Jurassic Park #1),44.97,3,Fiction,a0dd11f6abc421ec,Books,0,One
Darkfever (Fever #1),56.02,3,Fantasy,468bd274ac084bb9,Books,0,One
Dark Places,23.90,3,Default,66937c669c4da072,Books,0,Five
Cosmos,36.17,3,Add a comment,dbe33cf29ef1623d,Books,0,Two
"David and Goliath: Underdogs, Misfits, and the Art of Battling Giants",17.81,3,Default,d234ddecef49ef4e,Books,0,One
Counting Thyme,10.62,3,Childrens,157f693d9e600ccc,Books,0,One
Crazy Rich Asians (Crazy Rich Asians #1),49.13,3,Fiction,c9782ad2a0ed9331,Books,0,Five
Dead Wake: The Last Crossing of the Lusitania,39.24,3,Default,04d858cdeeee0da4,Books,0,Five
Dracula,52.62,3,Default,a7ec599c1a547746,Books,0,Three
Do Androids Dream of Electric Sheep? (Blade Runner #1),51.48,3,Science Fiction,98330e431e56a9ea,Books,0,One
Disrupted: My Misadventure in the Start-Up Bubble,15.28,3,Nonfiction,81372abc86f65c79,Books,0,Five
Fellside,38.62,3,Default,147019cae600694e,Books,0,One
Extreme Prey (Lucas Davenport #26),25.40,3,Mystery,588ba85ff11a3263,Books,0,Three
Dune (Dune #1),54.86,3,Science Fiction,36d5884d44484277,Books,0,One
Eclipse (Twilight #3),18.74,3,Default,73f71f9556442117,Books,0,One
Eragon (The Inheritance Cycle #1),43.87,3,Fantasy,b843f52a986a2914,Books,0,Three
Girl in the Blue Coat,46.83,3,Historical Fiction,41fc5dce044f16f5,Books,0,Two
"Friday Night Lights: A Town, a Team, and a Dream",51.22,3,Sports and Games,a9aa3ed5b316470b,Books,0,Three
Fire Bound (Sea Haven/Sisters of the Heart #5),21.28,3,Add a comment,2ed3a794a70aa85f,Books,0,Four
Fifty Shades Freed (Fifty Shades #3),15.36,3,Adult Fiction,ed813a848580ba50,Books,0,Five
"Fruits Basket, Vol. 3 (Fruits Basket #3)",45.17,3,Sequential Art,d5f5a122a593b580,Books,0,Two
Are We Smart Enough to Know How Smart Animals Are?,56.58,3,Nonfiction,da0349a87c8caa2f,Books,0,One
Ash,22.06,3,Fantasy,5d22e2a46604b6e7,Books,0,Four
Are We There Yet?,10.66,3,Childrens,ef9c4f2465513956,Books,0,Three
Beowulf,38.35,3,Classics,3fb69f34e178d494,Books,0,Two
Awkward,38.02,3,Sequential Art,1d89a2aa9f6ce50f,Books,0,Two
Best of My Love (Fool's Gold #20),27.41,3,Romance,67dea6c75d6a1075,Books,0,Two
Beautiful Creatures (Caster Chronicles #1),21.55,3,Default,5439bae708bca198,Books,0,Five
Between Shades of Gray,20.79,3,Historical Fiction,155e42df837ee5ff,Books,0,Five
Big Little Lies,22.11,3,Fiction,d3f9c4539c0caa64,Books,0,One
"Born to Run: A Hidden Tribe, Superathletes, and the Greatest Race the World Has Never Seen",27.35,3,Nonfiction,e256de8aa0c2115f,Books,0,Two
"Black Butler, Vol. 1 (Black Butler #1)",49.31,3,Sequential Art,15f415d436888b2d,Books,0,One
Brave Enough,51.32,3,Nonfiction,fd2337c1b73b686e,Books,0,Five
Black Flags: The Rise of ISIS,40.87,3,Nonfiction,860318b8e244f39c,Books,0,One
Blink: The Power of Thinking Without Thinking,21.74,3,Nonfiction,0bbc48294707ba96,Books,0,Five
Boy Meets Boy,21.12,3,Young Adult,8e0bc2fe4e7d35b5,Books,0,Three
Breaking Dawn (Twilight #4),35.28,3,Default,bbfc4a3b7b6c94a0,Books,0,Five
Cinder (The Lunar Chronicles #1),26.09,3,Young Adult,7e9579921e5407cb,Books,0,One
Career of Evil (Cormoran Strike #3),24.72,3,Mystery,b461cf238506c5b8,Books,0,Two
Catastrophic Happiness: Finding Joy in Childhood's Messy Years,37.35,3,Parenting,ef49db2aaa9bb547,Books,0,Two
Civilization and Its Discontents,59.95,3,Psychology,396385e3de5d18c3,Books,0,Two
"Saga, Volume 2 (Saga (Collected Editions) #2)",11.75,2,Sequential Art,9189fd009df41d0e,Books,0,Three
New Moon (Twilight #2),12.86,2,Young Adult,6fa3ea52c8e31e06,Books,0,Four
Life,31.58,2,Music,637e5a45062aa548,Books,0,Five
Girl Online On Tour (Girl Online #2),53.47,2,Young Adult,97b8f130d32e9f4e,Books,0,One
"Run, Spot, Run: The Ethics of Keeping Pets",20.02,2,Philosophy,b0e479be03911916,Books,0,One
H is for Hawk,57.42,2,Nonfiction,b6d3f4f4ee1f6069,Books,0,Five
Kindle Paperwhite User's Guide,34.00,2,Nonfiction,fb495f9f9015a772,Books,0,Three
The Sense of an Ending,31.38,2,Add a comment,4130678275eb7c8c,Books,0,Three
#GIRLBOSS,50.96,3,Add a comment,165affa7adb5eded,Books,0,One
"The Suffragettes (Little Black Classics, #96)",11.89,2,Nonfiction,d2185b65af52d68c,Books,0,Two
"The Sandman, Vol. 2: The Doll's House (The Sandman (volumes) #2)",54.81,2,Sequential Art,276dc716b1da8899,Books,0,One
The Course of Love,16.78,2,Fiction,f3c76b53b239f511,Books,0,Three
8 Keys to Mental Health Through Exercise,31.04,3,Psychology,f5873c8fc7760000,Books,0,One
Sugar Rush (Offensive Line #2),24.42,2,Sports and Games,ce42e3de94226b2b,Books,0,One
A Heartbreaking Work of Staggering Genius,54.29,3,Autobiography,c9770bb1d5a492a0,Books,0,Five
A Storm of Swords (A Song of Ice and Fire #3),31.22,3,Fantasy,87beabf664115d79,Books,0,Two
A Visit from the Goon Squad,14.08,3,Default,5dbd6ec4e154ad2f,Books,0,Five
A Walk in the Woods: Rediscovering America on the Appalachian Trail,30.48,3,Nonfiction,bcee4f289ff6699c,Books,0,Four
Annie on My Mind,36.83,3,Young Adult,7bf87402413c27ff,Books,0,Five
And Then There Were None,35.01,3,Classics,cfe350b20d23b02b,Books,0,Two
The Selfish Gene,29.45,1,Science,6f2c0a9adbb2bca9,Books,0,One
"The Wicked + The Divine, Vol. 1: The Faust Act (The Wicked + The Divine)",36.52,1,Sequential Art,dac9d1e654fac737,Books,0,Two
The Zombie Room,19.69,1,Default,9c96cd1329fbd82d,Books,0,Five
The Silent Wife,12.34,1,Fiction,b78deb463531d078,Books,0,Five
The Silent Twin (Detective Jennifer Knight #3),36.25,1,Fantasy,9e9932ae1a7d0943,Books,0,Three
The Tumor,41.56,1,Nonfiction,6514add13c82b115,Books,0,Five
The Story of Hong Gildong,43.19,1,Classics,32d035df92ab9080,Books,0,Four
Three Wishes (River of Time: California #1),44.18,1,Science Fiction,460f97a346b44bac,Books,0,Two
This One Moment (Pushing Limits #1),48.71,1,Romance,d6d98d3508c30f57,Books,0,One
Travels with Charley: In Search of America,57.82,1,Nonfiction,0268f149d014b389,Books,0,Five
Twenty Love Poems and a Song of Despair,30.95,1,Poetry,e63c3f25338baf9a,Books,0,Four
"Vampire Knight, Vol. 1 (Vampire Knight #1)",15.40,1,Paranormal,e7e87087b1a44711,Books,0,One
Vampire Girl (Vampire Girl #1),53.82,1,Fantasy,dab5e75d1339706a,Books,0,Two
When I'm Gone,51.96,1,Fiction,c5f91eb481427dc5,Books,0,Three
Ways of Seeing,39.51,1,Art,66a4e422b212726a,Books,0,Five
Where Lightning Strikes (Bleeding Stars #3),39.77,1,Romance,def389ddfda6991b,Books,0,Three
"Y: The Last Man, Vol. 1: Unmanned (Y: The Last Man #1)",18.51,1,Sequential Art,09d26b5f819c6a36,Books,0,Four
While You Were Mine,41.32,1,Historical Fiction,8ceb5c6aed2c5f8b,Books,0,Five
Diary of a Minecraft Zombie Book 1: A Scare of a Dare (An Unofficial Minecraft Book),52.88,2,Childrens,d7b463918d3b8c39,Books,0,Four
"Fruits Basket, Vol. 2 (Fruits Basket #2)",11.64,2,Sequential Art,c0db71f6bb14db11,Books,0,Five
The Girl You Lost,12.29,1,Mystery,4280ac3eab57aa5d,Books,0,Five
The Complete Maus (Maus #1-2),10.64,1,Sequential Art,3301af038a720587,Books,0,Three
The Girl In The Ice (DCI Erika Foster #1),15.85,1,Mystery,ee61197edb882599,Books,0,Three
The Haters,27.89,1,Young Adult,fff8a057a40c4a60,Books,0,Five
The Edge of Reason (Bridget Jones #2),19.18,1,Womens Fiction,29fc016c459aeb14,Books,0,Four
The Communist Manifesto,14.76,1,Add a comment,18b4545a5ed15581,Books,0,Three
The Hook Up (Game On #1),36.29,1,New Adult,6e473eff459e809f,Books,0,Five
The End of the Jesus Era (An Investigation #1),14.40,1,Nonfiction,09659d1639a1f978,Books,0,One
The Iliad,16.16,1,Add a comment,86d8bd7afa5b51b3,Books,0,One
The Last Girl (The Dominion Trilogy #1),36.26,1,Science Fiction,16c71736dae78764,Books,0,Two
The Little Prince,45.42,1,Classics,1aeca7d078d57deb,Books,0,Two
The Mirror & the Maze (The Wrath and the Dawn #1.5),29.38,1,Fantasy,c40b70e0f6d80189,Books,0,One
The Odyssey,29.64,1,Add a comment,f0512adadffd2480,Books,0,Three
The Nicomachean Ethics,36.34,1,Philosophy,5c10b64db3e4f228,Books,0,One
The Light of the Fireflies,54.43,1,Add a comment,04e43893e32f9d29,Books,0,One
The No. 1 Ladies' Detective Agency (No. 1 Ladies' Detective Agency #1),57.70,1,Mystery,b0913e67d38d5ed5,Books,0,Four
The Name of the Wind (The Kingkiller Chronicle #1),50.59,1,Default,c8614adb1a90b027,Books,0,Three
The Republic,33.78,1,Add a comment,0ec9d2b018fb10d8,Books,0,Three
"The Sandman, Vol. 1: Preludes and Nocturnes (The Sandman (volumes) #1)",54.12,1,Sequential Art,5faefdc861684eb1,Books,0,Three
The Secret Healer,34.56,1,Historical Fiction,38f776ab9118aed7,Books,0,Three
"Ouran High School Host Club, Vol. 1 (Ouran High School Host Club #1)",29.87,1,Sequential Art,326825e02a198cf6,Books,0,Three
One Second (Seven #7),52.94,1,Fantasy,7ea31f38675b91c1,Books,0,Two
Origins (Alphas 0.5),28.99,1,Fantasy,8932e5c12f12ffed,Books,0,One
Paradise Lost (Paradise #1),24.96,1,Default,849db7ab7f4a640c,Books,0,One
"Paper Girls, Vol. 1 (Paper Girls #1-5)",21.71,1,Sequential Art,bcbcbcf0f6ed196f,Books,0,Four
"Rat Queens, Vol. 1: Sass & Sorcery (Rat Queens (Collected Editions) #1-5)",46.96,1,Sequential Art,3cdca3b4a93980f5,Books,0,Five
"Rhythm, Chord & Malykhin",28.34,1,Romance,9efb397067eb7e8a,Books,0,Two
Shameless,58.35,1,New Adult,c068c013d6921fea,Books,0,Three
Settling the Score (The Summer Games #1),44.91,1,Sports and Games,132adf7335bb384a,Books,0,Two
Sister Sable (The Mad Queen #1),13.33,1,Fantasy,3a9a7c5895e82646,Books,0,Three
Shadow Rites (Jane Yellowrock #10),21.72,1,Fantasy,229cd6564bf0dce4,Books,0,Four
Shatter Me (Shatter Me #1),42.40,1,Default,9ed7090d8fa690b0,Books,0,One
"Saga, Volume 1 (Saga (Collected Editions) #1)",28.48,1,Sequential Art,4f64568dfefa3ce7,Books,0,One
Sense and Sensibility,37.46,1,Classics,35e44170702139a4,Books,0,One
"Skip Beat!, Vol. 01 (Skip Beat! #1)",42.12,1,Sequential Art,2ac720f76384c57e,Books,0,Three
Starlark,25.83,1,Historical Fiction,e25164e5b3fe208b,Books,0,Three
The Art of Not Breathing,40.83,1,Young Adult,5bc1fbccfbf2355c,Books,0,Four
Taking Shots (Assassins #1),18.88,1,Default,a7eef9d6795422c1,Books,0,Two
The Bette Davis Club,30.66,1,Fiction,dfb0849016bc122c,Books,0,Three
The Bhagavad Gita,57.49,1,Religion,f3a0b8c835129558,Books,0,Three
"Fruits Basket, Vol. 1 (Fruits Basket #1)",40.28,1,Sequential Art,72e6fbf4f6382557,Books,0,Five
Having the Barbarian's Baby (Ice Planet Barbarians #7.5),34.96,1,Science Fiction,6717a70913b3db79,Books,0,Four
"Giant Days, Vol. 1 (Giant Days #1-4)",56.76,1,Sequential Art,eb0fe24bbc845ecc,Books,0,Four
Icing (Aces Hockey #2),40.44,1,Sports and Games,3455b45888fb5053,Books,0,Four
"Hawkeye, Vol. 1: My Life as a Weapon (Hawkeye #1)",45.24,1,Sequential Art,6fe02600f322a0a9,Books,0,Three
Jane Eyre,38.43,1,Default,8d390a1fc3133d06,Books,0,Five
Imperfect Harmony,34.74,1,Romance,f28f7299d38c0932,Books,0,Four
Kitchens of the Great Midwest,57.20,1,Fiction,06f6a57a6d532844,Books,0,Five
Listen to Me (Fusion #1),58.99,1,Romance,6e712ea24e77bd96,Books,0,Three
Lord of the Flies,24.89,1,Add a comment,71a6471bbdac21d9,Books,0,Three
Matilda,28.34,1,Childrens,1053fb7ee17a1f33,Books,0,One
Lost Among the Living,27.70,1,Historical Fiction,d510567580c8be52,Books,0,Four
Meditations,25.89,1,Philosophy,4f19709e47883df5,Books,0,Two
My Perfect Mistake (Over the Top #1),38.92,1,Romance,fd78f89878479f56,Books,0,Two
"Ms. Marvel, Vol. 1: No Normal (Ms. Marvel (2014-2015) #1)",39.39,1,Sequential Art,35a60467893aa168,Books,0,Four
Myriad (Prentor #1),58.75,1,Fantasy,63e20a0f98218a87,Books,0,Four
Of Mice and Men,47.11,1,Classics,39592d9d72e717c4,Books,0,Two
Off Sides (Off #1),39.45,1,New Adult,b6f1cfadc4dd79d4,Books,0,Five
Old Records Never Die: One Man's Quest for His Vinyl and His Past,55.66,1,Music,a1985630339f4b3d,Books,0,Two
On the Road (Duluoz Legend),32.36,1,Default,9ff997ab15713e53,Books,0,Three
A Spy's Devotion (The Regency Spies of London #1),16.97,1,Historical Fiction,19fec36a1dfb4c16,Books,0,Five
Alice in Wonderland (Alice's Adventures in Wonderland #1),55.53,1,Classics,cd2a2a70dd5d176d,Books,0,One
"Ajin: Demi-Human, Volume 1 (Ajin: Demi-Human #1)",57.06,1,Sequential Art,bfd5e1701c862ac3,Books,0,Four
"Bleach, Vol. 1: Strawberry and the Soul Reapers (Bleach #1)",34.65,1,Sequential Art,099fae4a0705d63b,Books,0,Five
"1,000 Places to See Before You Die",26.08,1,Travel,228ba5e7577e1d49,Books,0,Five
Beyond Good and Evil,43.38,1,Philosophy,08672cd59171d5e4,Books,0,One
1st to Die (Women's Murder Club #1),53.98,1,Mystery,f684a82adc49f011,Books,0,One
Blood Defense (Samantha Brinkman #1),20.30,1,Mystery,95cdfd514098c38b,Books,0,Three
Bounty (Colorado Mountain #7),37.26,1,Romance,abc0b15f2c907ff0,Books,0,Four
Bright Lines,39.07,1,Fiction,230ac636ea0ea415,Books,0,Five
Bridget Jones's Diary (Bridget Jones #1),29.82,1,Womens Fiction,a2b4b685dfa94733,Books,0,One
Choosing Our Religion: The Spiritual Lives of America's Nones,28.42,1,Religion,a812f6969ddf3e39,Books,0,Four
Deep Under (Walker Security #1),47.09,1,Romance,0072b94dfa30608e,Books,0,Five
"Eat, Pray, Love",51.32,1,Nonfiction,df56868afd166557,Books,0,Three
Charity's Cross (Charles Towne Belles #4),41.24,1,Romance,a96404cb928895f3,Books,0,One
Charlie and the Chocolate Factory (Charlie Bucket #1),22.85,1,Childrens,1774749f2cee292f,Books,0,Three
Emma,32.93,1,Classics,2e69730561ed70ad,Books,0,Two
Fighting Fate (Fighting #6),39.24,1,Romance,6390772a3094939d,Books,0,Three
Frankenstein,38.00,1,Default,a492f49a3e2b6a71,Books,0,Two
Forever Rockers (The Rocker #12),28.80,1,Music,e564c3f1a93ccf2e,Books,0,Three
